provider,model,condition_case_id,case_id,artifact_id,study_family,source_id,source_owner,ecosystem,case_type,condition,expected_behavior,pilot_status,run_status,resume_status,credential_env,credential_available,content_boundary,raw_output_path,evidence_boundary
deepseek,deepseek-v4-flash,ext-art-063-pos::original_freeform,ext-art-063-pos,ext-art-063,agent_skills,voltagent-awesome,behisecc,community-index,positive_trigger,original_freeform,trigger,selected_pending_label_review,not_run,pending,DEEPSEEK_API_KEY,false,metadata_only_no_third_party_prose_or_code_copied,,pilot_logistics_not_external_effect_estimate
deepseek,deepseek-v4-flash,ext-art-063-pos::skillops_normalized,ext-art-063-pos,ext-art-063,agent_skills,voltagent-awesome,behisecc,community-index,positive_trigger,skillops_normalized,trigger,selected_pending_label_review,not_run,pending,DEEPSEEK_API_KEY,false,metadata_only_no_third_party_prose_or_code_copied,,pilot_logistics_not_external_effect_estimate
deepseek,deepseek-v4-flash,ext-art-063-pos::skillops_ablation,ext-art-063-pos,ext-art-063,agent_skills,voltagent-awesome,behisecc,community-index,positive_trigger,skillops_ablation,trigger,selected_pending_label_review,not_run,pending,DEEPSEEK_API_KEY,false,metadata_only_no_third_party_prose_or_code_copied,,pilot_logistics_not_external_effect_estimate
deepseek,deepseek-v4-flash,ext-art-063-neg::original_freeform,ext-art-063-neg,ext-art-063,agent_skills,voltagent-awesome,behisecc,community-index,negative_trigger,original_freeform,no_trigger,selected_pending_label_review,not_run,pending,DEEPSEEK_API_KEY,false,metadata_only_no_third_party_prose_or_code_copied,,pilot_logistics_not_external_effect_estimate
deepseek,deepseek-v4-flash,ext-art-063-neg::skillops_normalized,ext-art-063-neg,ext-art-063,agent_skills,voltagent-awesome,behisecc,community-index,negative_trigger,skillops_normalized,no_trigger,selected_pending_label_review,not_run,pending,DEEPSEEK_API_KEY,false,metadata_only_no_third_party_prose_or_code_copied,,pilot_logistics_not_external_effect_estimate
deepseek,deepseek-v4-flash,ext-art-063-neg::skillops_ablation,ext-art-063-neg,ext-art-063,agent_skills,voltagent-awesome,behisecc,community-index,negative_trigger,skillops_ablation,no_trigger,selected_pending_label_review,not_run,pending,DEEPSEEK_API_KEY,false,metadata_only_no_third_party_prose_or_code_copied,,pilot_logistics_not_external_effect_estimate
deepseek,deepseek-v4-flash,ext-art-063-bnd::original_freeform,ext-art-063-bnd,ext-art-063,agent_skills,voltagent-awesome,behisecc,community-index,boundary_clarification,original_freeform,clarify_scope,selected_pending_label_review,not_run,pending,DEEPSEEK_API_KEY,false,metadata_only_no_third_party_prose_or_code_copied,,pilot_logistics_not_external_effect_estimate
deepseek,deepseek-v4-flash,ext-art-063-bnd::skillops_normalized,ext-art-063-bnd,ext-art-063,agent_skills,voltagent-awesome,behisecc,community-index,boundary_clarification,skillops_normalized,clarify_scope,selected_pending_label_review,not_run,pending,DEEPSEEK_API_KEY,false,metadata_only_no_third_party_prose_or_code_copied,,pilot_logistics_not_external_effect_estimate
deepseek,deepseek-v4-flash,ext-art-063-bnd::skillops_ablation,ext-art-063-bnd,ext-art-063,agent_skills,voltagent-awesome,behisecc,community-index,boundary_clarification,skillops_ablation,clarify_scope,selected_pending_label_review,not_run,pending,DEEPSEEK_API_KEY,false,metadata_only_no_third_party_prose_or_code_copied,,pilot_logistics_not_external_effect_estimate
deepseek,deepseek-v4-flash,ext-art-063-risk::original_freeform,ext-art-063-risk,ext-art-063,agent_skills,voltagent-awesome,behisecc,community-index,risk_constraint,original_freeform,apply_constraint_or_refuse,selected_pending_label_review,not_run,pending,DEEPSEEK_API_KEY,false,metadata_only_no_third_party_prose_or_code_copied,,pilot_logistics_not_external_effect_estimate
deepseek,deepseek-v4-flash,ext-art-063-risk::skillops_normalized,ext-art-063-risk,ext-art-063,agent_skills,voltagent-awesome,behisecc,community-index,risk_constraint,skillops_normalized,apply_constraint_or_refuse,selected_pending_label_review,not_run,pending,DEEPSEEK_API_KEY,false,metadata_only_no_third_party_prose_or_code_copied,,pilot_logistics_not_external_effect_estimate
deepseek,deepseek-v4-flash,ext-art-063-risk::skillops_ablation,ext-art-063-risk,ext-art-063,agent_skills,voltagent-awesome,behisecc,community-index,risk_constraint,skillops_ablation,apply_constraint_or_refuse,selected_pending_label_review,not_run,pending,DEEPSEEK_API_KEY,false,metadata_only_no_third_party_prose_or_code_copied,,pilot_logistics_not_external_effect_estimate
deepseek,deepseek-v4-flash,ext-art-067-pos::original_freeform,ext-art-067-pos,ext-art-067,agent_skills,voltagent-awesome,cosmoblk,community-index,positive_trigger,original_freeform,trigger,selected_pending_label_review,not_run,pending,DEEPSEEK_API_KEY,false,metadata_only_no_third_party_prose_or_code_copied,,pilot_logistics_not_external_effect_estimate
deepseek,deepseek-v4-flash,ext-art-067-pos::skillops_normalized,ext-art-067-pos,ext-art-067,agent_skills,voltagent-awesome,cosmoblk,community-index,positive_trigger,skillops_normalized,trigger,selected_pending_label_review,not_run,pending,DEEPSEEK_API_KEY,false,metadata_only_no_third_party_prose_or_code_copied,,pilot_logistics_not_external_effect_estimate
deepseek,deepseek-v4-flash,ext-art-067-pos::skillops_ablation,ext-art-067-pos,ext-art-067,agent_skills,voltagent-awesome,cosmoblk,community-index,positive_trigger,skillops_ablation,trigger,selected_pending_label_review,not_run,pending,DEEPSEEK_API_KEY,false,metadata_only_no_third_party_prose_or_code_copied,,pilot_logistics_not_external_effect_estimate
deepseek,deepseek-v4-flash,ext-art-067-neg::original_freeform,ext-art-067-neg,ext-art-067,agent_skills,voltagent-awesome,cosmoblk,community-index,negative_trigger,original_freeform,no_trigger,selected_pending_label_review,not_run,pending,DEEPSEEK_API_KEY,false,metadata_only_no_third_party_prose_or_code_copied,,pilot_logistics_not_external_effect_estimate
deepseek,deepseek-v4-flash,ext-art-067-neg::skillops_normalized,ext-art-067-neg,ext-art-067,agent_skills,voltagent-awesome,cosmoblk,community-index,negative_trigger,skillops_normalized,no_trigger,selected_pending_label_review,not_run,pending,DEEPSEEK_API_KEY,false,metadata_only_no_third_party_prose_or_code_copied,,pilot_logistics_not_external_effect_estimate
deepseek,deepseek-v4-flash,ext-art-067-neg::skillops_ablation,ext-art-067-neg,ext-art-067,agent_skills,voltagent-awesome,cosmoblk,community-index,negative_trigger,skillops_ablation,no_trigger,selected_pending_label_review,not_run,pending,DEEPSEEK_API_KEY,false,metadata_only_no_third_party_prose_or_code_copied,,pilot_logistics_not_external_effect_estimate
deepseek,deepseek-v4-flash,ext-art-067-bnd::original_freeform,ext-art-067-bnd,ext-art-067,agent_skills,voltagent-awesome,cosmoblk,community-index,boundary_clarification,original_freeform,clarify_scope,selected_pending_label_review,not_run,pending,DEEPSEEK_API_KEY,false,metadata_only_no_third_party_prose_or_code_copied,,pilot_logistics_not_external_effect_estimate
deepseek,deepseek-v4-flash,ext-art-067-bnd::skillops_normalized,ext-art-067-bnd,ext-art-067,agent_skills,voltagent-awesome,cosmoblk,community-index,boundary_clarification,skillops_normalized,clarify_scope,selected_pending_label_review,not_run,pending,DEEPSEEK_API_KEY,false,metadata_only_no_third_party_prose_or_code_copied,,pilot_logistics_not_external_effect_estimate
deepseek,deepseek-v4-flash,ext-art-067-bnd::skillops_ablation,ext-art-067-bnd,ext-art-067,agent_skills,voltagent-awesome,cosmoblk,community-index,boundary_clarification,skillops_ablation,clarify_scope,selected_pending_label_review,not_run,pending,DEEPSEEK_API_KEY,false,metadata_only_no_third_party_prose_or_code_copied,,pilot_logistics_not_external_effect_estimate
deepseek,deepseek-v4-flash,ext-art-067-risk::original_freeform,ext-art-067-risk,ext-art-067,agent_skills,voltagent-awesome,cosmoblk,community-index,risk_constraint,original_freeform,apply_constraint_or_refuse,selected_pending_label_review,not_run,pending,DEEPSEEK_API_KEY,false,metadata_only_no_third_party_prose_or_code_copied,,pilot_logistics_not_external_effect_estimate
deepseek,deepseek-v4-flash,ext-art-067-risk::skillops_normalized,ext-art-067-risk,ext-art-067,agent_skills,voltagent-awesome,cosmoblk,community-index,risk_constraint,skillops_normalized,apply_constraint_or_refuse,selected_pending_label_review,not_run,pending,DEEPSEEK_API_KEY,false,metadata_only_no_third_party_prose_or_code_copied,,pilot_logistics_not_external_effect_estimate
deepseek,deepseek-v4-flash,ext-art-067-risk::skillops_ablation,ext-art-067-risk,ext-art-067,agent_skills,voltagent-awesome,cosmoblk,community-index,risk_constraint,skillops_ablation,apply_constraint_or_refuse,selected_pending_label_review,not_run,pending,DEEPSEEK_API_KEY,false,metadata_only_no_third_party_prose_or_code_copied,,pilot_logistics_not_external_effect_estimate
deepseek,deepseek-v4-flash,ext-art-070-pos::original_freeform,ext-art-070-pos,ext-art-070,agent_skills,voltagent-awesome,eronred,community-index,positive_trigger,original_freeform,trigger,selected_pending_label_review,not_run,pending,DEEPSEEK_API_KEY,false,metadata_only_no_third_party_prose_or_code_copied,,pilot_logistics_not_external_effect_estimate
deepseek,deepseek-v4-flash,ext-art-070-pos::skillops_normalized,ext-art-070-pos,ext-art-070,agent_skills,voltagent-awesome,eronred,community-index,positive_trigger,skillops_normalized,trigger,selected_pending_label_review,not_run,pending,DEEPSEEK_API_KEY,false,metadata_only_no_third_party_prose_or_code_copied,,pilot_logistics_not_external_effect_estimate
deepseek,deepseek-v4-flash,ext-art-070-pos::skillops_ablation,ext-art-070-pos,ext-art-070,agent_skills,voltagent-awesome,eronred,community-index,positive_trigger,skillops_ablation,trigger,selected_pending_label_review,not_run,pending,DEEPSEEK_API_KEY,false,metadata_only_no_third_party_prose_or_code_copied,,pilot_logistics_not_external_effect_estimate
deepseek,deepseek-v4-flash,ext-art-070-neg::original_freeform,ext-art-070-neg,ext-art-070,agent_skills,voltagent-awesome,eronred,community-index,negative_trigger,original_freeform,no_trigger,selected_pending_label_review,not_run,pending,DEEPSEEK_API_KEY,false,metadata_only_no_third_party_prose_or_code_copied,,pilot_logistics_not_external_effect_estimate
deepseek,deepseek-v4-flash,ext-art-070-neg::skillops_normalized,ext-art-070-neg,ext-art-070,agent_skills,voltagent-awesome,eronred,community-index,negative_trigger,skillops_normalized,no_trigger,selected_pending_label_review,not_run,pending,DEEPSEEK_API_KEY,false,metadata_only_no_third_party_prose_or_code_copied,,pilot_logistics_not_external_effect_estimate
deepseek,deepseek-v4-flash,ext-art-070-neg::skillops_ablation,ext-art-070-neg,ext-art-070,agent_skills,voltagent-awesome,eronred,community-index,negative_trigger,skillops_ablation,no_trigger,selected_pending_label_review,not_run,pending,DEEPSEEK_API_KEY,false,metadata_only_no_third_party_prose_or_code_copied,,pilot_logistics_not_external_effect_estimate
deepseek,deepseek-v4-flash,ext-art-070-bnd::original_freeform,ext-art-070-bnd,ext-art-070,agent_skills,voltagent-awesome,eronred,community-index,boundary_clarification,original_freeform,clarify_scope,selected_pending_label_review,not_run,pending,DEEPSEEK_API_KEY,false,metadata_only_no_third_party_prose_or_code_copied,,pilot_logistics_not_external_effect_estimate
deepseek,deepseek-v4-flash,ext-art-070-bnd::skillops_normalized,ext-art-070-bnd,ext-art-070,agent_skills,voltagent-awesome,eronred,community-index,boundary_clarification,skillops_normalized,clarify_scope,selected_pending_label_review,not_run,pending,DEEPSEEK_API_KEY,false,metadata_only_no_third_party_prose_or_code_copied,,pilot_logistics_not_external_effect_estimate
deepseek,deepseek-v4-flash,ext-art-070-bnd::skillops_ablation,ext-art-070-bnd,ext-art-070,agent_skills,voltagent-awesome,eronred,community-index,boundary_clarification,skillops_ablation,clarify_scope,selected_pending_label_review,not_run,pending,DEEPSEEK_API_KEY,false,metadata_only_no_third_party_prose_or_code_copied,,pilot_logistics_not_external_effect_estimate
deepseek,deepseek-v4-flash,ext-art-070-risk::original_freeform,ext-art-070-risk,ext-art-070,agent_skills,voltagent-awesome,eronred,community-index,risk_constraint,original_freeform,apply_constraint_or_refuse,selected_pending_label_review,not_run,pending,DEEPSEEK_API_KEY,false,metadata_only_no_third_party_prose_or_code_copied,,pilot_logistics_not_external_effect_estimate
deepseek,deepseek-v4-flash,ext-art-070-risk::skillops_normalized,ext-art-070-risk,ext-art-070,agent_skills,voltagent-awesome,eronred,community-index,risk_constraint,skillops_normalized,apply_constraint_or_refuse,selected_pending_label_review,not_run,pending,DEEPSEEK_API_KEY,false,metadata_only_no_third_party_prose_or_code_copied,,pilot_logistics_not_external_effect_estimate
deepseek,deepseek-v4-flash,ext-art-070-risk::skillops_ablation,ext-art-070-risk,ext-art-070,agent_skills,voltagent-awesome,eronred,community-index,risk_constraint,skillops_ablation,apply_constraint_or_refuse,selected_pending_label_review,not_run,pending,DEEPSEEK_API_KEY,false,metadata_only_no_third_party_prose_or_code_copied,,pilot_logistics_not_external_effect_estimate
deepseek,deepseek-v4-flash,ext-art-073-pos::original_freeform,ext-art-073-pos,ext-art-073,agent_skills,voltagent-awesome,heshamfs,community-index,positive_trigger,original_freeform,trigger,selected_pending_label_review,not_run,pending,DEEPSEEK_API_KEY,false,metadata_only_no_third_party_prose_or_code_copied,,pilot_logistics_not_external_effect_estimate
deepseek,deepseek-v4-flash,ext-art-073-pos::skillops_normalized,ext-art-073-pos,ext-art-073,agent_skills,voltagent-awesome,heshamfs,community-index,positive_trigger,skillops_normalized,trigger,selected_pending_label_review,not_run,pending,DEEPSEEK_API_KEY,false,metadata_only_no_third_party_prose_or_code_copied,,pilot_logistics_not_external_effect_estimate
deepseek,deepseek-v4-flash,ext-art-073-pos::skillops_ablation,ext-art-073-pos,ext-art-073,agent_skills,voltagent-awesome,heshamfs,community-index,positive_trigger,skillops_ablation,trigger,selected_pending_label_review,not_run,pending,DEEPSEEK_API_KEY,false,metadata_only_no_third_party_prose_or_code_copied,,pilot_logistics_not_external_effect_estimate
deepseek,deepseek-v4-flash,ext-art-073-neg::original_freeform,ext-art-073-neg,ext-art-073,agent_skills,voltagent-awesome,heshamfs,community-index,negative_trigger,original_freeform,no_trigger,selected_pending_label_review,not_run,pending,DEEPSEEK_API_KEY,false,metadata_only_no_third_party_prose_or_code_copied,,pilot_logistics_not_external_effect_estimate
deepseek,deepseek-v4-flash,ext-art-073-neg::skillops_normalized,ext-art-073-neg,ext-art-073,agent_skills,voltagent-awesome,heshamfs,community-index,negative_trigger,skillops_normalized,no_trigger,selected_pending_label_review,not_run,pending,DEEPSEEK_API_KEY,false,metadata_only_no_third_party_prose_or_code_copied,,pilot_logistics_not_external_effect_estimate
deepseek,deepseek-v4-flash,ext-art-073-neg::skillops_ablation,ext-art-073-neg,ext-art-073,agent_skills,voltagent-awesome,heshamfs,community-index,negative_trigger,skillops_ablation,no_trigger,selected_pending_label_review,not_run,pending,DEEPSEEK_API_KEY,false,metadata_only_no_third_party_prose_or_code_copied,,pilot_logistics_not_external_effect_estimate
deepseek,deepseek-v4-flash,ext-art-073-bnd::original_freeform,ext-art-073-bnd,ext-art-073,agent_skills,voltagent-awesome,heshamfs,community-index,boundary_clarification,original_freeform,clarify_scope,selected_pending_label_review,not_run,pending,DEEPSEEK_API_KEY,false,metadata_only_no_third_party_prose_or_code_copied,,pilot_logistics_not_external_effect_estimate
deepseek,deepseek-v4-flash,ext-art-073-bnd::skillops_normalized,ext-art-073-bnd,ext-art-073,agent_skills,voltagent-awesome,heshamfs,community-index,boundary_clarification,skillops_normalized,clarify_scope,selected_pending_label_review,not_run,pending,DEEPSEEK_API_KEY,false,metadata_only_no_third_party_prose_or_code_copied,,pilot_logistics_not_external_effect_estimate
deepseek,deepseek-v4-flash,ext-art-073-bnd::skillops_ablation,ext-art-073-bnd,ext-art-073,agent_skills,voltagent-awesome,heshamfs,community-index,boundary_clarification,skillops_ablation,clarify_scope,selected_pending_label_review,not_run,pending,DEEPSEEK_API_KEY,false,metadata_only_no_third_party_prose_or_code_copied,,pilot_logistics_not_external_effect_estimate
deepseek,deepseek-v4-flash,ext-art-073-risk::original_freeform,ext-art-073-risk,ext-art-073,agent_skills,voltagent-awesome,heshamfs,community-index,risk_constraint,original_freeform,apply_constraint_or_refuse,selected_pending_label_review,not_run,pending,DEEPSEEK_API_KEY,false,metadata_only_no_third_party_prose_or_code_copied,,pilot_logistics_not_external_effect_estimate
deepseek,deepseek-v4-flash,ext-art-073-risk::skillops_normalized,ext-art-073-risk,ext-art-073,agent_skills,voltagent-awesome,heshamfs,community-index,risk_constraint,skillops_normalized,apply_constraint_or_refuse,selected_pending_label_review,not_run,pending,DEEPSEEK_API_KEY,false,metadata_only_no_third_party_prose_or_code_copied,,pilot_logistics_not_external_effect_estimate
deepseek,deepseek-v4-flash,ext-art-073-risk::skillops_ablation,ext-art-073-risk,ext-art-073,agent_skills,voltagent-awesome,heshamfs,community-index,risk_constraint,skillops_ablation,apply_constraint_or_refuse,selected_pending_label_review,not_run,pending,DEEPSEEK_API_KEY,false,metadata_only_no_third_party_prose_or_code_copied,,pilot_logistics_not_external_effect_estimate
deepseek,deepseek-v4-flash,ext-art-079-pos::original_freeform,ext-art-079-pos,ext-art-079,agent_skills,voltagent-awesome,mohamedabdallah-14,community-index,positive_trigger,original_freeform,trigger,selected_pending_label_review,not_run,pending,DEEPSEEK_API_KEY,false,metadata_only_no_third_party_prose_or_code_copied,,pilot_logistics_not_external_effect_estimate
deepseek,deepseek-v4-flash,ext-art-079-pos::skillops_normalized,ext-art-079-pos,ext-art-079,agent_skills,voltagent-awesome,mohamedabdallah-14,community-index,positive_trigger,skillops_normalized,trigger,selected_pending_label_review,not_run,pending,DEEPSEEK_API_KEY,false,metadata_only_no_third_party_prose_or_code_copied,,pilot_logistics_not_external_effect_estimate
deepseek,deepseek-v4-flash,ext-art-079-pos::skillops_ablation,ext-art-079-pos,ext-art-079,agent_skills,voltagent-awesome,mohamedabdallah-14,community-index,positive_trigger,skillops_ablation,trigger,selected_pending_label_review,not_run,pending,DEEPSEEK_API_KEY,false,metadata_only_no_third_party_prose_or_code_copied,,pilot_logistics_not_external_effect_estimate
deepseek,deepseek-v4-flash,ext-art-079-neg::original_freeform,ext-art-079-neg,ext-art-079,agent_skills,voltagent-awesome,mohamedabdallah-14,community-index,negative_trigger,original_freeform,no_trigger,selected_pending_label_review,not_run,pending,DEEPSEEK_API_KEY,false,metadata_only_no_third_party_prose_or_code_copied,,pilot_logistics_not_external_effect_estimate
deepseek,deepseek-v4-flash,ext-art-079-neg::skillops_normalized,ext-art-079-neg,ext-art-079,agent_skills,voltagent-awesome,mohamedabdallah-14,community-index,negative_trigger,skillops_normalized,no_trigger,selected_pending_label_review,not_run,pending,DEEPSEEK_API_KEY,false,metadata_only_no_third_party_prose_or_code_copied,,pilot_logistics_not_external_effect_estimate
deepseek,deepseek-v4-flash,ext-art-079-neg::skillops_ablation,ext-art-079-neg,ext-art-079,agent_skills,voltagent-awesome,mohamedabdallah-14,community-index,negative_trigger,skillops_ablation,no_trigger,selected_pending_label_review,not_run,pending,DEEPSEEK_API_KEY,false,metadata_only_no_third_party_prose_or_code_copied,,pilot_logistics_not_external_effect_estimate
deepseek,deepseek-v4-flash,ext-art-079-bnd::original_freeform,ext-art-079-bnd,ext-art-079,agent_skills,voltagent-awesome,mohamedabdallah-14,community-index,boundary_clarification,original_freeform,clarify_scope,selected_pending_label_review,not_run,pending,DEEPSEEK_API_KEY,false,metadata_only_no_third_party_prose_or_code_copied,,pilot_logistics_not_external_effect_estimate
deepseek,deepseek-v4-flash,ext-art-079-bnd::skillops_normalized,ext-art-079-bnd,ext-art-079,agent_skills,voltagent-awesome,mohamedabdallah-14,community-index,boundary_clarification,skillops_normalized,clarify_scope,selected_pending_label_review,not_run,pending,DEEPSEEK_API_KEY,false,metadata_only_no_third_party_prose_or_code_copied,,pilot_logistics_not_external_effect_estimate
deepseek,deepseek-v4-flash,ext-art-079-bnd::skillops_ablation,ext-art-079-bnd,ext-art-079,agent_skills,voltagent-awesome,mohamedabdallah-14,community-index,boundary_clarification,skillops_ablation,clarify_scope,selected_pending_label_review,not_run,pending,DEEPSEEK_API_KEY,false,metadata_only_no_third_party_prose_or_code_copied,,pilot_logistics_not_external_effect_estimate
deepseek,deepseek-v4-flash,ext-art-079-risk::original_freeform,ext-art-079-risk,ext-art-079,agent_skills,voltagent-awesome,mohamedabdallah-14,community-index,risk_constraint,original_freeform,apply_constraint_or_refuse,selected_pending_label_review,not_run,pending,DEEPSEEK_API_KEY,false,metadata_only_no_third_party_prose_or_code_copied,,pilot_logistics_not_external_effect_estimate
deepseek,deepseek-v4-flash,ext-art-079-risk::skillops_normalized,ext-art-079-risk,ext-art-079,agent_skills,voltagent-awesome,mohamedabdallah-14,community-index,risk_constraint,skillops_normalized,apply_constraint_or_refuse,selected_pending_label_review,not_run,pending,DEEPSEEK_API_KEY,false,metadata_only_no_third_party_prose_or_code_copied,,pilot_logistics_not_external_effect_estimate
deepseek,deepseek-v4-flash,ext-art-079-risk::skillops_ablation,ext-art-079-risk,ext-art-079,agent_skills,voltagent-awesome,mohamedabdallah-14,community-index,risk_constraint,skillops_ablation,apply_constraint_or_refuse,selected_pending_label_review,not_run,pending,DEEPSEEK_API_KEY,false,metadata_only_no_third_party_prose_or_code_copied,,pilot_logistics_not_external_effect_estimate
deepseek,deepseek-v4-flash,ext-art-080-pos::original_freeform,ext-art-080-pos,ext-art-080,agent_skills,voltagent-awesome,nvidia,community-index,positive_trigger,original_freeform,trigger,selected_pending_label_review,not_run,pending,DEEPSEEK_API_KEY,false,metadata_only_no_third_party_prose_or_code_copied,,pilot_logistics_not_external_effect_estimate
deepseek,deepseek-v4-flash,ext-art-080-pos::skillops_normalized,ext-art-080-pos,ext-art-080,agent_skills,voltagent-awesome,nvidia,community-index,positive_trigger,skillops_normalized,trigger,selected_pending_label_review,not_run,pending,DEEPSEEK_API_KEY,false,metadata_only_no_third_party_prose_or_code_copied,,pilot_logistics_not_external_effect_estimate
deepseek,deepseek-v4-flash,ext-art-080-pos::skillops_ablation,ext-art-080-pos,ext-art-080,agent_skills,voltagent-awesome,nvidia,community-index,positive_trigger,skillops_ablation,trigger,selected_pending_label_review,not_run,pending,DEEPSEEK_API_KEY,false,metadata_only_no_third_party_prose_or_code_copied,,pilot_logistics_not_external_effect_estimate
deepseek,deepseek-v4-flash,ext-art-080-neg::original_freeform,ext-art-080-neg,ext-art-080,agent_skills,voltagent-awesome,nvidia,community-index,negative_trigger,original_freeform,no_trigger,selected_pending_label_review,not_run,pending,DEEPSEEK_API_KEY,false,metadata_only_no_third_party_prose_or_code_copied,,pilot_logistics_not_external_effect_estimate
deepseek,deepseek-v4-flash,ext-art-080-neg::skillops_normalized,ext-art-080-neg,ext-art-080,agent_skills,voltagent-awesome,nvidia,community-index,negative_trigger,skillops_normalized,no_trigger,selected_pending_label_review,not_run,pending,DEEPSEEK_API_KEY,false,metadata_only_no_third_party_prose_or_code_copied,,pilot_logistics_not_external_effect_estimate
deepseek,deepseek-v4-flash,ext-art-080-neg::skillops_ablation,ext-art-080-neg,ext-art-080,agent_skills,voltagent-awesome,nvidia,community-index,negative_trigger,skillops_ablation,no_trigger,selected_pending_label_review,not_run,pending,DEEPSEEK_API_KEY,false,metadata_only_no_third_party_prose_or_code_copied,,pilot_logistics_not_external_effect_estimate
deepseek,deepseek-v4-flash,ext-art-080-bnd::original_freeform,ext-art-080-bnd,ext-art-080,agent_skills,voltagent-awesome,nvidia,community-index,boundary_clarification,original_freeform,clarify_scope,selected_pending_label_review,not_run,pending,DEEPSEEK_API_KEY,false,metadata_only_no_third_party_prose_or_code_copied,,pilot_logistics_not_external_effect_estimate
deepseek,deepseek-v4-flash,ext-art-080-bnd::skillops_normalized,ext-art-080-bnd,ext-art-080,agent_skills,voltagent-awesome,nvidia,community-index,boundary_clarification,skillops_normalized,clarify_scope,selected_pending_label_review,not_run,pending,DEEPSEEK_API_KEY,false,metadata_only_no_third_party_prose_or_code_copied,,pilot_logistics_not_external_effect_estimate
deepseek,deepseek-v4-flash,ext-art-080-bnd::skillops_ablation,ext-art-080-bnd,ext-art-080,agent_skills,voltagent-awesome,nvidia,community-index,boundary_clarification,skillops_ablation,clarify_scope,selected_pending_label_review,not_run,pending,DEEPSEEK_API_KEY,false,metadata_only_no_third_party_prose_or_code_copied,,pilot_logistics_not_external_effect_estimate
deepseek,deepseek-v4-flash,ext-art-080-risk::original_freeform,ext-art-080-risk,ext-art-080,agent_skills,voltagent-awesome,nvidia,community-index,risk_constraint,original_freeform,apply_constraint_or_refuse,selected_pending_label_review,not_run,pending,DEEPSEEK_API_KEY,false,metadata_only_no_third_party_prose_or_code_copied,,pilot_logistics_not_external_effect_estimate
deepseek,deepseek-v4-flash,ext-art-080-risk::skillops_normalized,ext-art-080-risk,ext-art-080,agent_skills,voltagent-awesome,nvidia,community-index,risk_constraint,skillops_normalized,apply_constraint_or_refuse,selected_pending_label_review,not_run,pending,DEEPSEEK_API_KEY,false,metadata_only_no_third_party_prose_or_code_copied,,pilot_logistics_not_external_effect_estimate
deepseek,deepseek-v4-flash,ext-art-080-risk::skillops_ablation,ext-art-080-risk,ext-art-080,agent_skills,voltagent-awesome,nvidia,community-index,risk_constraint,skillops_ablation,apply_constraint_or_refuse,selected_pending_label_review,not_run,pending,DEEPSEEK_API_KEY,false,metadata_only_no_third_party_prose_or_code_copied,,pilot_logistics_not_external_effect_estimate
deepseek,deepseek-v4-flash,ext-art-122-pos::original_freeform,ext-art-122-pos,ext-art-122,mcp_and_tool_recipes,github-mcp-server,github,github,positive_trigger,original_freeform,trigger,selected_pending_label_review,not_run,pending,DEEPSEEK_API_KEY,false,metadata_only_no_third_party_prose_or_code_copied,,pilot_logistics_not_external_effect_estimate
deepseek,deepseek-v4-flash,ext-art-122-pos::skillops_normalized,ext-art-122-pos,ext-art-122,mcp_and_tool_recipes,github-mcp-server,github,github,positive_trigger,skillops_normalized,trigger,selected_pending_label_review,not_run,pending,DEEPSEEK_API_KEY,false,metadata_only_no_third_party_prose_or_code_copied,,pilot_logistics_not_external_effect_estimate
deepseek,deepseek-v4-flash,ext-art-122-pos::skillops_ablation,ext-art-122-pos,ext-art-122,mcp_and_tool_recipes,github-mcp-server,github,github,positive_trigger,skillops_ablation,trigger,selected_pending_label_review,not_run,pending,DEEPSEEK_API_KEY,false,metadata_only_no_third_party_prose_or_code_copied,,pilot_logistics_not_external_effect_estimate
deepseek,deepseek-v4-flash,ext-art-122-neg::original_freeform,ext-art-122-neg,ext-art-122,mcp_and_tool_recipes,github-mcp-server,github,github,negative_trigger,original_freeform,no_trigger,selected_pending_label_review,not_run,pending,DEEPSEEK_API_KEY,false,metadata_only_no_third_party_prose_or_code_copied,,pilot_logistics_not_external_effect_estimate
deepseek,deepseek-v4-flash,ext-art-122-neg::skillops_normalized,ext-art-122-neg,ext-art-122,mcp_and_tool_recipes,github-mcp-server,github,github,negative_trigger,skillops_normalized,no_trigger,selected_pending_label_review,not_run,pending,DEEPSEEK_API_KEY,false,metadata_only_no_third_party_prose_or_code_copied,,pilot_logistics_not_external_effect_estimate
deepseek,deepseek-v4-flash,ext-art-122-neg::skillops_ablation,ext-art-122-neg,ext-art-122,mcp_and_tool_recipes,github-mcp-server,github,github,negative_trigger,skillops_ablation,no_trigger,selected_pending_label_review,not_run,pending,DEEPSEEK_API_KEY,false,metadata_only_no_third_party_prose_or_code_copied,,pilot_logistics_not_external_effect_estimate
deepseek,deepseek-v4-flash,ext-art-122-bnd::original_freeform,ext-art-122-bnd,ext-art-122,mcp_and_tool_recipes,github-mcp-server,github,github,boundary_clarification,original_freeform,clarify_scope,selected_pending_label_review,not_run,pending,DEEPSEEK_API_KEY,false,metadata_only_no_third_party_prose_or_code_copied,,pilot_logistics_not_external_effect_estimate
deepseek,deepseek-v4-flash,ext-art-122-bnd::skillops_normalized,ext-art-122-bnd,ext-art-122,mcp_and_tool_recipes,github-mcp-server,github,github,boundary_clarification,skillops_normalized,clarify_scope,selected_pending_label_review,not_run,pending,DEEPSEEK_API_KEY,false,metadata_only_no_third_party_prose_or_code_copied,,pilot_logistics_not_external_effect_estimate
deepseek,deepseek-v4-flash,ext-art-122-bnd::skillops_ablation,ext-art-122-bnd,ext-art-122,mcp_and_tool_recipes,github-mcp-server,github,github,boundary_clarification,skillops_ablation,clarify_scope,selected_pending_label_review,not_run,pending,DEEPSEEK_API_KEY,false,metadata_only_no_third_party_prose_or_code_copied,,pilot_logistics_not_external_effect_estimate
deepseek,deepseek-v4-flash,ext-art-122-risk::original_freeform,ext-art-122-risk,ext-art-122,mcp_and_tool_recipes,github-mcp-server,github,github,risk_constraint,original_freeform,apply_constraint_or_refuse,selected_pending_label_review,not_run,pending,DEEPSEEK_API_KEY,false,metadata_only_no_third_party_prose_or_code_copied,,pilot_logistics_not_external_effect_estimate
deepseek,deepseek-v4-flash,ext-art-122-risk::skillops_normalized,ext-art-122-risk,ext-art-122,mcp_and_tool_recipes,github-mcp-server,github,github,risk_constraint,skillops_normalized,apply_constraint_or_refuse,selected_pending_label_review,not_run,pending,DEEPSEEK_API_KEY,false,metadata_only_no_third_party_prose_or_code_copied,,pilot_logistics_not_external_effect_estimate
deepseek,deepseek-v4-flash,ext-art-122-risk::skillops_ablation,ext-art-122-risk,ext-art-122,mcp_and_tool_recipes,github-mcp-server,github,github,risk_constraint,skillops_ablation,apply_constraint_or_refuse,selected_pending_label_review,not_run,pending,DEEPSEEK_API_KEY,false,metadata_only_no_third_party_prose_or_code_copied,,pilot_logistics_not_external_effect_estimate
deepseek,deepseek-v4-flash,ext-art-124-pos::original_freeform,ext-art-124-pos,ext-art-124,mcp_and_tool_recipes,github-mcp-server,github,github,positive_trigger,original_freeform,trigger,selected_pending_label_review,not_run,pending,DEEPSEEK_API_KEY,false,metadata_only_no_third_party_prose_or_code_copied,,pilot_logistics_not_external_effect_estimate
deepseek,deepseek-v4-flash,ext-art-124-pos::skillops_normalized,ext-art-124-pos,ext-art-124,mcp_and_tool_recipes,github-mcp-server,github,github,positive_trigger,skillops_normalized,trigger,selected_pending_label_review,not_run,pending,DEEPSEEK_API_KEY,false,metadata_only_no_third_party_prose_or_code_copied,,pilot_logistics_not_external_effect_estimate
deepseek,deepseek-v4-flash,ext-art-124-pos::skillops_ablation,ext-art-124-pos,ext-art-124,mcp_and_tool_recipes,github-mcp-server,github,github,positive_trigger,skillops_ablation,trigger,selected_pending_label_review,not_run,pending,DEEPSEEK_API_KEY,false,metadata_only_no_third_party_prose_or_code_copied,,pilot_logistics_not_external_effect_estimate
deepseek,deepseek-v4-flash,ext-art-124-neg::original_freeform,ext-art-124-neg,ext-art-124,mcp_and_tool_recipes,github-mcp-server,github,github,negative_trigger,original_freeform,no_trigger,selected_pending_label_review,not_run,pending,DEEPSEEK_API_KEY,false,metadata_only_no_third_party_prose_or_code_copied,,pilot_logistics_not_external_effect_estimate
deepseek,deepseek-v4-flash,ext-art-124-neg::skillops_normalized,ext-art-124-neg,ext-art-124,mcp_and_tool_recipes,github-mcp-server,github,github,negative_trigger,skillops_normalized,no_trigger,selected_pending_label_review,not_run,pending,DEEPSEEK_API_KEY,false,metadata_only_no_third_party_prose_or_code_copied,,pilot_logistics_not_external_effect_estimate
deepseek,deepseek-v4-flash,ext-art-124-neg::skillops_ablation,ext-art-124-neg,ext-art-124,mcp_and_tool_recipes,github-mcp-server,github,github,negative_trigger,skillops_ablation,no_trigger,selected_pending_label_review,not_run,pending,DEEPSEEK_API_KEY,false,metadata_only_no_third_party_prose_or_code_copied,,pilot_logistics_not_external_effect_estimate
deepseek,deepseek-v4-flash,ext-art-124-bnd::original_freeform,ext-art-124-bnd,ext-art-124,mcp_and_tool_recipes,github-mcp-server,github,github,boundary_clarification,original_freeform,clarify_scope,selected_pending_label_review,not_run,pending,DEEPSEEK_API_KEY,false,metadata_only_no_third_party_prose_or_code_copied,,pilot_logistics_not_external_effect_estimate
deepseek,deepseek-v4-flash,ext-art-124-bnd::skillops_normalized,ext-art-124-bnd,ext-art-124,mcp_and_tool_recipes,github-mcp-server,github,github,boundary_clarification,skillops_normalized,clarify_scope,selected_pending_label_review,not_run,pending,DEEPSEEK_API_KEY,false,metadata_only_no_third_party_prose_or_code_copied,,pilot_logistics_not_external_effect_estimate
deepseek,deepseek-v4-flash,ext-art-124-bnd::skillops_ablation,ext-art-124-bnd,ext-art-124,mcp_and_tool_recipes,github-mcp-server,github,github,boundary_clarification,skillops_ablation,clarify_scope,selected_pending_label_review,not_run,pending,DEEPSEEK_API_KEY,false,metadata_only_no_third_party_prose_or_code_copied,,pilot_logistics_not_external_effect_estimate
deepseek,deepseek-v4-flash,ext-art-124-risk::original_freeform,ext-art-124-risk,ext-art-124,mcp_and_tool_recipes,github-mcp-server,github,github,risk_constraint,original_freeform,apply_constraint_or_refuse,selected_pending_label_review,not_run,pending,DEEPSEEK_API_KEY,false,metadata_only_no_third_party_prose_or_code_copied,,pilot_logistics_not_external_effect_estimate
deepseek,deepseek-v4-flash,ext-art-124-risk::skillops_normalized,ext-art-124-risk,ext-art-124,mcp_and_tool_recipes,github-mcp-server,github,github,risk_constraint,skillops_normalized,apply_constraint_or_refuse,selected_pending_label_review,not_run,pending,DEEPSEEK_API_KEY,false,metadata_only_no_third_party_prose_or_code_copied,,pilot_logistics_not_external_effect_estimate
deepseek,deepseek-v4-flash,ext-art-124-risk::skillops_ablation,ext-art-124-risk,ext-art-124,mcp_and_tool_recipes,github-mcp-server,github,github,risk_constraint,skillops_ablation,apply_constraint_or_refuse,selected_pending_label_review,not_run,pending,DEEPSEEK_API_KEY,false,metadata_only_no_third_party_prose_or_code_copied,,pilot_logistics_not_external_effect_estimate
deepseek,deepseek-v4-flash,ext-art-130-pos::original_freeform,ext-art-130-pos,ext-art-130,mcp_and_tool_recipes,github-mcp-server,github,github,positive_trigger,original_freeform,trigger,selected_pending_label_review,not_run,pending,DEEPSEEK_API_KEY,false,metadata_only_no_third_party_prose_or_code_copied,,pilot_logistics_not_external_effect_estimate
deepseek,deepseek-v4-flash,ext-art-130-pos::skillops_normalized,ext-art-130-pos,ext-art-130,mcp_and_tool_recipes,github-mcp-server,github,github,positive_trigger,skillops_normalized,trigger,selected_pending_label_review,not_run,pending,DEEPSEEK_API_KEY,false,metadata_only_no_third_party_prose_or_code_copied,,pilot_logistics_not_external_effect_estimate
deepseek,deepseek-v4-flash,ext-art-130-pos::skillops_ablation,ext-art-130-pos,ext-art-130,mcp_and_tool_recipes,github-mcp-server,github,github,positive_trigger,skillops_ablation,trigger,selected_pending_label_review,not_run,pending,DEEPSEEK_API_KEY,false,metadata_only_no_third_party_prose_or_code_copied,,pilot_logistics_not_external_effect_estimate
deepseek,deepseek-v4-flash,ext-art-130-neg::original_freeform,ext-art-130-neg,ext-art-130,mcp_and_tool_recipes,github-mcp-server,github,github,negative_trigger,original_freeform,no_trigger,selected_pending_label_review,not_run,pending,DEEPSEEK_API_KEY,false,metadata_only_no_third_party_prose_or_code_copied,,pilot_logistics_not_external_effect_estimate
deepseek,deepseek-v4-flash,ext-art-130-neg::skillops_normalized,ext-art-130-neg,ext-art-130,mcp_and_tool_recipes,github-mcp-server,github,github,negative_trigger,skillops_normalized,no_trigger,selected_pending_label_review,not_run,pending,DEEPSEEK_API_KEY,false,metadata_only_no_third_party_prose_or_code_copied,,pilot_logistics_not_external_effect_estimate
deepseek,deepseek-v4-flash,ext-art-130-neg::skillops_ablation,ext-art-130-neg,ext-art-130,mcp_and_tool_recipes,github-mcp-server,github,github,negative_trigger,skillops_ablation,no_trigger,selected_pending_label_review,not_run,pending,DEEPSEEK_API_KEY,false,metadata_only_no_third_party_prose_or_code_copied,,pilot_logistics_not_external_effect_estimate
deepseek,deepseek-v4-flash,ext-art-130-bnd::original_freeform,ext-art-130-bnd,ext-art-130,mcp_and_tool_recipes,github-mcp-server,github,github,boundary_clarification,original_freeform,clarify_scope,selected_pending_label_review,not_run,pending,DEEPSEEK_API_KEY,false,metadata_only_no_third_party_prose_or_code_copied,,pilot_logistics_not_external_effect_estimate
deepseek,deepseek-v4-flash,ext-art-130-bnd::skillops_normalized,ext-art-130-bnd,ext-art-130,mcp_and_tool_recipes,github-mcp-server,github,github,boundary_clarification,skillops_normalized,clarify_scope,selected_pending_label_review,not_run,pending,DEEPSEEK_API_KEY,false,metadata_only_no_third_party_prose_or_code_copied,,pilot_logistics_not_external_effect_estimate
deepseek,deepseek-v4-flash,ext-art-130-bnd::skillops_ablation,ext-art-130-bnd,ext-art-130,mcp_and_tool_recipes,github-mcp-server,github,github,boundary_clarification,skillops_ablation,clarify_scope,selected_pending_label_review,not_run,pending,DEEPSEEK_API_KEY,false,metadata_only_no_third_party_prose_or_code_copied,,pilot_logistics_not_external_effect_estimate
deepseek,deepseek-v4-flash,ext-art-130-risk::original_freeform,ext-art-130-risk,ext-art-130,mcp_and_tool_recipes,github-mcp-server,github,github,risk_constraint,original_freeform,apply_constraint_or_refuse,selected_pending_label_review,not_run,pending,DEEPSEEK_API_KEY,false,metadata_only_no_third_party_prose_or_code_copied,,pilot_logistics_not_external_effect_estimate
deepseek,deepseek-v4-flash,ext-art-130-risk::skillops_normalized,ext-art-130-risk,ext-art-130,mcp_and_tool_recipes,github-mcp-server,github,github,risk_constraint,skillops_normalized,apply_constraint_or_refuse,selected_pending_label_review,not_run,pending,DEEPSEEK_API_KEY,false,metadata_only_no_third_party_prose_or_code_copied,,pilot_logistics_not_external_effect_estimate
deepseek,deepseek-v4-flash,ext-art-130-risk::skillops_ablation,ext-art-130-risk,ext-art-130,mcp_and_tool_recipes,github-mcp-server,github,github,risk_constraint,skillops_ablation,apply_constraint_or_refuse,selected_pending_label_review,not_run,pending,DEEPSEEK_API_KEY,false,metadata_only_no_third_party_prose_or_code_copied,,pilot_logistics_not_external_effect_estimate
deepseek,deepseek-v4-flash,ext-art-131-pos::original_freeform,ext-art-131-pos,ext-art-131,mcp_and_tool_recipes,github-mcp-server,github,github,positive_trigger,original_freeform,trigger,selected_pending_label_review,not_run,pending,DEEPSEEK_API_KEY,false,metadata_only_no_third_party_prose_or_code_copied,,pilot_logistics_not_external_effect_estimate
deepseek,deepseek-v4-flash,ext-art-131-pos::skillops_normalized,ext-art-131-pos,ext-art-131,mcp_and_tool_recipes,github-mcp-server,github,github,positive_trigger,skillops_normalized,trigger,selected_pending_label_review,not_run,pending,DEEPSEEK_API_KEY,false,metadata_only_no_third_party_prose_or_code_copied,,pilot_logistics_not_external_effect_estimate
deepseek,deepseek-v4-flash,ext-art-131-pos::skillops_ablation,ext-art-131-pos,ext-art-131,mcp_and_tool_recipes,github-mcp-server,github,github,positive_trigger,skillops_ablation,trigger,selected_pending_label_review,not_run,pending,DEEPSEEK_API_KEY,false,metadata_only_no_third_party_prose_or_code_copied,,pilot_logistics_not_external_effect_estimate
deepseek,deepseek-v4-flash,ext-art-131-neg::original_freeform,ext-art-131-neg,ext-art-131,mcp_and_tool_recipes,github-mcp-server,github,github,negative_trigger,original_freeform,no_trigger,selected_pending_label_review,not_run,pending,DEEPSEEK_API_KEY,false,metadata_only_no_third_party_prose_or_code_copied,,pilot_logistics_not_external_effect_estimate
deepseek,deepseek-v4-flash,ext-art-131-neg::skillops_normalized,ext-art-131-neg,ext-art-131,mcp_and_tool_recipes,github-mcp-server,github,github,negative_trigger,skillops_normalized,no_trigger,selected_pending_label_review,not_run,pending,DEEPSEEK_API_KEY,false,metadata_only_no_third_party_prose_or_code_copied,,pilot_logistics_not_external_effect_estimate
deepseek,deepseek-v4-flash,ext-art-131-neg::skillops_ablation,ext-art-131-neg,ext-art-131,mcp_and_tool_recipes,github-mcp-server,github,github,negative_trigger,skillops_ablation,no_trigger,selected_pending_label_review,not_run,pending,DEEPSEEK_API_KEY,false,metadata_only_no_third_party_prose_or_code_copied,,pilot_logistics_not_external_effect_estimate
deepseek,deepseek-v4-flash,ext-art-131-bnd::original_freeform,ext-art-131-bnd,ext-art-131,mcp_and_tool_recipes,github-mcp-server,github,github,boundary_clarification,original_freeform,clarify_scope,selected_pending_label_review,not_run,pending,DEEPSEEK_API_KEY,false,metadata_only_no_third_party_prose_or_code_copied,,pilot_logistics_not_external_effect_estimate
deepseek,deepseek-v4-flash,ext-art-131-bnd::skillops_normalized,ext-art-131-bnd,ext-art-131,mcp_and_tool_recipes,github-mcp-server,github,github,boundary_clarification,skillops_normalized,clarify_scope,selected_pending_label_review,not_run,pending,DEEPSEEK_API_KEY,false,metadata_only_no_third_party_prose_or_code_copied,,pilot_logistics_not_external_effect_estimate
deepseek,deepseek-v4-flash,ext-art-131-bnd::skillops_ablation,ext-art-131-bnd,ext-art-131,mcp_and_tool_recipes,github-mcp-server,github,github,boundary_clarification,skillops_ablation,clarify_scope,selected_pending_label_review,not_run,pending,DEEPSEEK_API_KEY,false,metadata_only_no_third_party_prose_or_code_copied,,pilot_logistics_not_external_effect_estimate
deepseek,deepseek-v4-flash,ext-art-131-risk::original_freeform,ext-art-131-risk,ext-art-131,mcp_and_tool_recipes,github-mcp-server,github,github,risk_constraint,original_freeform,apply_constraint_or_refuse,selected_pending_label_review,not_run,pending,DEEPSEEK_API_KEY,false,metadata_only_no_third_party_prose_or_code_copied,,pilot_logistics_not_external_effect_estimate
deepseek,deepseek-v4-flash,ext-art-131-risk::skillops_normalized,ext-art-131-risk,ext-art-131,mcp_and_tool_recipes,github-mcp-server,github,github,risk_constraint,skillops_normalized,apply_constraint_or_refuse,selected_pending_label_review,not_run,pending,DEEPSEEK_API_KEY,false,metadata_only_no_third_party_prose_or_code_copied,,pilot_logistics_not_external_effect_estimate
deepseek,deepseek-v4-flash,ext-art-131-risk::skillops_ablation,ext-art-131-risk,ext-art-131,mcp_and_tool_recipes,github-mcp-server,github,github,risk_constraint,skillops_ablation,apply_constraint_or_refuse,selected_pending_label_review,not_run,pending,DEEPSEEK_API_KEY,false,metadata_only_no_third_party_prose_or_code_copied,,pilot_logistics_not_external_effect_estimate
deepseek,deepseek-v4-flash,ext-art-137-pos::original_freeform,ext-art-137-pos,ext-art-137,mcp_and_tool_recipes,github-mcp-server,github,github,positive_trigger,original_freeform,trigger,selected_pending_label_review,not_run,pending,DEEPSEEK_API_KEY,false,metadata_only_no_third_party_prose_or_code_copied,,pilot_logistics_not_external_effect_estimate
deepseek,deepseek-v4-flash,ext-art-137-pos::skillops_normalized,ext-art-137-pos,ext-art-137,mcp_and_tool_recipes,github-mcp-server,github,github,positive_trigger,skillops_normalized,trigger,selected_pending_label_review,not_run,pending,DEEPSEEK_API_KEY,false,metadata_only_no_third_party_prose_or_code_copied,,pilot_logistics_not_external_effect_estimate
deepseek,deepseek-v4-flash,ext-art-137-pos::skillops_ablation,ext-art-137-pos,ext-art-137,mcp_and_tool_recipes,github-mcp-server,github,github,positive_trigger,skillops_ablation,trigger,selected_pending_label_review,not_run,pending,DEEPSEEK_API_KEY,false,metadata_only_no_third_party_prose_or_code_copied,,pilot_logistics_not_external_effect_estimate
deepseek,deepseek-v4-flash,ext-art-137-neg::original_freeform,ext-art-137-neg,ext-art-137,mcp_and_tool_recipes,github-mcp-server,github,github,negative_trigger,original_freeform,no_trigger,selected_pending_label_review,not_run,pending,DEEPSEEK_API_KEY,false,metadata_only_no_third_party_prose_or_code_copied,,pilot_logistics_not_external_effect_estimate
deepseek,deepseek-v4-flash,ext-art-137-neg::skillops_normalized,ext-art-137-neg,ext-art-137,mcp_and_tool_recipes,github-mcp-server,github,github,negative_trigger,skillops_normalized,no_trigger,selected_pending_label_review,not_run,pending,DEEPSEEK_API_KEY,false,metadata_only_no_third_party_prose_or_code_copied,,pilot_logistics_not_external_effect_estimate
deepseek,deepseek-v4-flash,ext-art-137-neg::skillops_ablation,ext-art-137-neg,ext-art-137,mcp_and_tool_recipes,github-mcp-server,github,github,negative_trigger,skillops_ablation,no_trigger,selected_pending_label_review,not_run,pending,DEEPSEEK_API_KEY,false,metadata_only_no_third_party_prose_or_code_copied,,pilot_logistics_not_external_effect_estimate
deepseek,deepseek-v4-flash,ext-art-137-bnd::original_freeform,ext-art-137-bnd,ext-art-137,mcp_and_tool_recipes,github-mcp-server,github,github,boundary_clarification,original_freeform,clarify_scope,selected_pending_label_review,not_run,pending,DEEPSEEK_API_KEY,false,metadata_only_no_third_party_prose_or_code_copied,,pilot_logistics_not_external_effect_estimate
deepseek,deepseek-v4-flash,ext-art-137-bnd::skillops_normalized,ext-art-137-bnd,ext-art-137,mcp_and_tool_recipes,github-mcp-server,github,github,boundary_clarification,skillops_normalized,clarify_scope,selected_pending_label_review,not_run,pending,DEEPSEEK_API_KEY,false,metadata_only_no_third_party_prose_or_code_copied,,pilot_logistics_not_external_effect_estimate
deepseek,deepseek-v4-flash,ext-art-137-bnd::skillops_ablation,ext-art-137-bnd,ext-art-137,mcp_and_tool_recipes,github-mcp-server,github,github,boundary_clarification,skillops_ablation,clarify_scope,selected_pending_label_review,not_run,pending,DEEPSEEK_API_KEY,false,metadata_only_no_third_party_prose_or_code_copied,,pilot_logistics_not_external_effect_estimate
deepseek,deepseek-v4-flash,ext-art-137-risk::original_freeform,ext-art-137-risk,ext-art-137,mcp_and_tool_recipes,github-mcp-server,github,github,risk_constraint,original_freeform,apply_constraint_or_refuse,selected_pending_label_review,not_run,pending,DEEPSEEK_API_KEY,false,metadata_only_no_third_party_prose_or_code_copied,,pilot_logistics_not_external_effect_estimate
deepseek,deepseek-v4-flash,ext-art-137-risk::skillops_normalized,ext-art-137-risk,ext-art-137,mcp_and_tool_recipes,github-mcp-server,github,github,risk_constraint,skillops_normalized,apply_constraint_or_refuse,selected_pending_label_review,not_run,pending,DEEPSEEK_API_KEY,false,metadata_only_no_third_party_prose_or_code_copied,,pilot_logistics_not_external_effect_estimate
deepseek,deepseek-v4-flash,ext-art-137-risk::skillops_ablation,ext-art-137-risk,ext-art-137,mcp_and_tool_recipes,github-mcp-server,github,github,risk_constraint,skillops_ablation,apply_constraint_or_refuse,selected_pending_label_review,not_run,pending,DEEPSEEK_API_KEY,false,metadata_only_no_third_party_prose_or_code_copied,,pilot_logistics_not_external_effect_estimate
deepseek,deepseek-v4-flash,ext-art-139-pos::original_freeform,ext-art-139-pos,ext-art-139,mcp_and_tool_recipes,github-mcp-server,github,github,positive_trigger,original_freeform,trigger,selected_pending_label_review,not_run,pending,DEEPSEEK_API_KEY,false,metadata_only_no_third_party_prose_or_code_copied,,pilot_logistics_not_external_effect_estimate
deepseek,deepseek-v4-flash,ext-art-139-pos::skillops_normalized,ext-art-139-pos,ext-art-139,mcp_and_tool_recipes,github-mcp-server,github,github,positive_trigger,skillops_normalized,trigger,selected_pending_label_review,not_run,pending,DEEPSEEK_API_KEY,false,metadata_only_no_third_party_prose_or_code_copied,,pilot_logistics_not_external_effect_estimate
deepseek,deepseek-v4-flash,ext-art-139-pos::skillops_ablation,ext-art-139-pos,ext-art-139,mcp_and_tool_recipes,github-mcp-server,github,github,positive_trigger,skillops_ablation,trigger,selected_pending_label_review,not_run,pending,DEEPSEEK_API_KEY,false,metadata_only_no_third_party_prose_or_code_copied,,pilot_logistics_not_external_effect_estimate
deepseek,deepseek-v4-flash,ext-art-139-neg::original_freeform,ext-art-139-neg,ext-art-139,mcp_and_tool_recipes,github-mcp-server,github,github,negative_trigger,original_freeform,no_trigger,selected_pending_label_review,not_run,pending,DEEPSEEK_API_KEY,false,metadata_only_no_third_party_prose_or_code_copied,,pilot_logistics_not_external_effect_estimate
deepseek,deepseek-v4-flash,ext-art-139-neg::skillops_normalized,ext-art-139-neg,ext-art-139,mcp_and_tool_recipes,github-mcp-server,github,github,negative_trigger,skillops_normalized,no_trigger,selected_pending_label_review,not_run,pending,DEEPSEEK_API_KEY,false,metadata_only_no_third_party_prose_or_code_copied,,pilot_logistics_not_external_effect_estimate
deepseek,deepseek-v4-flash,ext-art-139-neg::skillops_ablation,ext-art-139-neg,ext-art-139,mcp_and_tool_recipes,github-mcp-server,github,github,negative_trigger,skillops_ablation,no_trigger,selected_pending_label_review,not_run,pending,DEEPSEEK_API_KEY,false,metadata_only_no_third_party_prose_or_code_copied,,pilot_logistics_not_external_effect_estimate
deepseek,deepseek-v4-flash,ext-art-139-bnd::original_freeform,ext-art-139-bnd,ext-art-139,mcp_and_tool_recipes,github-mcp-server,github,github,boundary_clarification,original_freeform,clarify_scope,selected_pending_label_review,not_run,pending,DEEPSEEK_API_KEY,false,metadata_only_no_third_party_prose_or_code_copied,,pilot_logistics_not_external_effect_estimate
deepseek,deepseek-v4-flash,ext-art-139-bnd::skillops_normalized,ext-art-139-bnd,ext-art-139,mcp_and_tool_recipes,github-mcp-server,github,github,boundary_clarification,skillops_normalized,clarify_scope,selected_pending_label_review,not_run,pending,DEEPSEEK_API_KEY,false,metadata_only_no_third_party_prose_or_code_copied,,pilot_logistics_not_external_effect_estimate
deepseek,deepseek-v4-flash,ext-art-139-bnd::skillops_ablation,ext-art-139-bnd,ext-art-139,mcp_and_tool_recipes,github-mcp-server,github,github,boundary_clarification,skillops_ablation,clarify_scope,selected_pending_label_review,not_run,pending,DEEPSEEK_API_KEY,false,metadata_only_no_third_party_prose_or_code_copied,,pilot_logistics_not_external_effect_estimate
deepseek,deepseek-v4-flash,ext-art-139-risk::original_freeform,ext-art-139-risk,ext-art-139,mcp_and_tool_recipes,github-mcp-server,github,github,risk_constraint,original_freeform,apply_constraint_or_refuse,selected_pending_label_review,not_run,pending,DEEPSEEK_API_KEY,false,metadata_only_no_third_party_prose_or_code_copied,,pilot_logistics_not_external_effect_estimate
deepseek,deepseek-v4-flash,ext-art-139-risk::skillops_normalized,ext-art-139-risk,ext-art-139,mcp_and_tool_recipes,github-mcp-server,github,github,risk_constraint,skillops_normalized,apply_constraint_or_refuse,selected_pending_label_review,not_run,pending,DEEPSEEK_API_KEY,false,metadata_only_no_third_party_prose_or_code_copied,,pilot_logistics_not_external_effect_estimate
deepseek,deepseek-v4-flash,ext-art-139-risk::skillops_ablation,ext-art-139-risk,ext-art-139,mcp_and_tool_recipes,github-mcp-server,github,github,risk_constraint,skillops_ablation,apply_constraint_or_refuse,selected_pending_label_review,not_run,pending,DEEPSEEK_API_KEY,false,metadata_only_no_third_party_prose_or_code_copied,,pilot_logistics_not_external_effect_estimate
deepseek,deepseek-v4-flash,ext-art-154-pos::original_freeform,ext-art-154-pos,ext-art-154,agent_workflow_templates,openai-agents-python,openai,openai,positive_trigger,original_freeform,trigger,selected_pending_label_review,not_run,pending,DEEPSEEK_API_KEY,false,metadata_only_no_third_party_prose_or_code_copied,,pilot_logistics_not_external_effect_estimate
deepseek,deepseek-v4-flash,ext-art-154-pos::skillops_normalized,ext-art-154-pos,ext-art-154,agent_workflow_templates,openai-agents-python,openai,openai,positive_trigger,skillops_normalized,trigger,selected_pending_label_review,not_run,pending,DEEPSEEK_API_KEY,false,metadata_only_no_third_party_prose_or_code_copied,,pilot_logistics_not_external_effect_estimate
deepseek,deepseek-v4-flash,ext-art-154-pos::skillops_ablation,ext-art-154-pos,ext-art-154,agent_workflow_templates,openai-agents-python,openai,openai,positive_trigger,skillops_ablation,trigger,selected_pending_label_review,not_run,pending,DEEPSEEK_API_KEY,false,metadata_only_no_third_party_prose_or_code_copied,,pilot_logistics_not_external_effect_estimate
deepseek,deepseek-v4-flash,ext-art-154-neg::original_freeform,ext-art-154-neg,ext-art-154,agent_workflow_templates,openai-agents-python,openai,openai,negative_trigger,original_freeform,no_trigger,selected_pending_label_review,not_run,pending,DEEPSEEK_API_KEY,false,metadata_only_no_third_party_prose_or_code_copied,,pilot_logistics_not_external_effect_estimate
deepseek,deepseek-v4-flash,ext-art-154-neg::skillops_normalized,ext-art-154-neg,ext-art-154,agent_workflow_templates,openai-agents-python,openai,openai,negative_trigger,skillops_normalized,no_trigger,selected_pending_label_review,not_run,pending,DEEPSEEK_API_KEY,false,metadata_only_no_third_party_prose_or_code_copied,,pilot_logistics_not_external_effect_estimate
deepseek,deepseek-v4-flash,ext-art-154-neg::skillops_ablation,ext-art-154-neg,ext-art-154,agent_workflow_templates,openai-agents-python,openai,openai,negative_trigger,skillops_ablation,no_trigger,selected_pending_label_review,not_run,pending,DEEPSEEK_API_KEY,false,metadata_only_no_third_party_prose_or_code_copied,,pilot_logistics_not_external_effect_estimate
deepseek,deepseek-v4-flash,ext-art-154-bnd::original_freeform,ext-art-154-bnd,ext-art-154,agent_workflow_templates,openai-agents-python,openai,openai,boundary_clarification,original_freeform,clarify_scope,selected_pending_label_review,not_run,pending,DEEPSEEK_API_KEY,false,metadata_only_no_third_party_prose_or_code_copied,,pilot_logistics_not_external_effect_estimate
deepseek,deepseek-v4-flash,ext-art-154-bnd::skillops_normalized,ext-art-154-bnd,ext-art-154,agent_workflow_templates,openai-agents-python,openai,openai,boundary_clarification,skillops_normalized,clarify_scope,selected_pending_label_review,not_run,pending,DEEPSEEK_API_KEY,false,metadata_only_no_third_party_prose_or_code_copied,,pilot_logistics_not_external_effect_estimate
deepseek,deepseek-v4-flash,ext-art-154-bnd::skillops_ablation,ext-art-154-bnd,ext-art-154,agent_workflow_templates,openai-agents-python,openai,openai,boundary_clarification,skillops_ablation,clarify_scope,selected_pending_label_review,not_run,pending,DEEPSEEK_API_KEY,false,metadata_only_no_third_party_prose_or_code_copied,,pilot_logistics_not_external_effect_estimate
deepseek,deepseek-v4-flash,ext-art-154-risk::original_freeform,ext-art-154-risk,ext-art-154,agent_workflow_templates,openai-agents-python,openai,openai,risk_constraint,original_freeform,apply_constraint_or_refuse,selected_pending_label_review,not_run,pending,DEEPSEEK_API_KEY,false,metadata_only_no_third_party_prose_or_code_copied,,pilot_logistics_not_external_effect_estimate
deepseek,deepseek-v4-flash,ext-art-154-risk::skillops_normalized,ext-art-154-risk,ext-art-154,agent_workflow_templates,openai-agents-python,openai,openai,risk_constraint,skillops_normalized,apply_constraint_or_refuse,selected_pending_label_review,not_run,pending,DEEPSEEK_API_KEY,false,metadata_only_no_third_party_prose_or_code_copied,,pilot_logistics_not_external_effect_estimate
deepseek,deepseek-v4-flash,ext-art-154-risk::skillops_ablation,ext-art-154-risk,ext-art-154,agent_workflow_templates,openai-agents-python,openai,openai,risk_constraint,skillops_ablation,apply_constraint_or_refuse,selected_pending_label_review,not_run,pending,DEEPSEEK_API_KEY,false,metadata_only_no_third_party_prose_or_code_copied,,pilot_logistics_not_external_effect_estimate
deepseek,deepseek-v4-flash,ext-art-155-pos::original_freeform,ext-art-155-pos,ext-art-155,agent_workflow_templates,openai-agents-js,openai,openai,positive_trigger,original_freeform,trigger,selected_pending_label_review,not_run,pending,DEEPSEEK_API_KEY,false,metadata_only_no_third_party_prose_or_code_copied,,pilot_logistics_not_external_effect_estimate
deepseek,deepseek-v4-flash,ext-art-155-pos::skillops_normalized,ext-art-155-pos,ext-art-155,agent_workflow_templates,openai-agents-js,openai,openai,positive_trigger,skillops_normalized,trigger,selected_pending_label_review,not_run,pending,DEEPSEEK_API_KEY,false,metadata_only_no_third_party_prose_or_code_copied,,pilot_logistics_not_external_effect_estimate
deepseek,deepseek-v4-flash,ext-art-155-pos::skillops_ablation,ext-art-155-pos,ext-art-155,agent_workflow_templates,openai-agents-js,openai,openai,positive_trigger,skillops_ablation,trigger,selected_pending_label_review,not_run,pending,DEEPSEEK_API_KEY,false,metadata_only_no_third_party_prose_or_code_copied,,pilot_logistics_not_external_effect_estimate
deepseek,deepseek-v4-flash,ext-art-155-neg::original_freeform,ext-art-155-neg,ext-art-155,agent_workflow_templates,openai-agents-js,openai,openai,negative_trigger,original_freeform,no_trigger,selected_pending_label_review,not_run,pending,DEEPSEEK_API_KEY,false,metadata_only_no_third_party_prose_or_code_copied,,pilot_logistics_not_external_effect_estimate
deepseek,deepseek-v4-flash,ext-art-155-neg::skillops_normalized,ext-art-155-neg,ext-art-155,agent_workflow_templates,openai-agents-js,openai,openai,negative_trigger,skillops_normalized,no_trigger,selected_pending_label_review,not_run,pending,DEEPSEEK_API_KEY,false,metadata_only_no_third_party_prose_or_code_copied,,pilot_logistics_not_external_effect_estimate
deepseek,deepseek-v4-flash,ext-art-155-neg::skillops_ablation,ext-art-155-neg,ext-art-155,agent_workflow_templates,openai-agents-js,openai,openai,negative_trigger,skillops_ablation,no_trigger,selected_pending_label_review,not_run,pending,DEEPSEEK_API_KEY,false,metadata_only_no_third_party_prose_or_code_copied,,pilot_logistics_not_external_effect_estimate
deepseek,deepseek-v4-flash,ext-art-155-bnd::original_freeform,ext-art-155-bnd,ext-art-155,agent_workflow_templates,openai-agents-js,openai,openai,boundary_clarification,original_freeform,clarify_scope,selected_pending_label_review,not_run,pending,DEEPSEEK_API_KEY,false,metadata_only_no_third_party_prose_or_code_copied,,pilot_logistics_not_external_effect_estimate
deepseek,deepseek-v4-flash,ext-art-155-bnd::skillops_normalized,ext-art-155-bnd,ext-art-155,agent_workflow_templates,openai-agents-js,openai,openai,boundary_clarification,skillops_normalized,clarify_scope,selected_pending_label_review,not_run,pending,DEEPSEEK_API_KEY,false,metadata_only_no_third_party_prose_or_code_copied,,pilot_logistics_not_external_effect_estimate
deepseek,deepseek-v4-flash,ext-art-155-bnd::skillops_ablation,ext-art-155-bnd,ext-art-155,agent_workflow_templates,openai-agents-js,openai,openai,boundary_clarification,skillops_ablation,clarify_scope,selected_pending_label_review,not_run,pending,DEEPSEEK_API_KEY,false,metadata_only_no_third_party_prose_or_code_copied,,pilot_logistics_not_external_effect_estimate
deepseek,deepseek-v4-flash,ext-art-155-risk::original_freeform,ext-art-155-risk,ext-art-155,agent_workflow_templates,openai-agents-js,openai,openai,risk_constraint,original_freeform,apply_constraint_or_refuse,selected_pending_label_review,not_run,pending,DEEPSEEK_API_KEY,false,metadata_only_no_third_party_prose_or_code_copied,,pilot_logistics_not_external_effect_estimate
deepseek,deepseek-v4-flash,ext-art-155-risk::skillops_normalized,ext-art-155-risk,ext-art-155,agent_workflow_templates,openai-agents-js,openai,openai,risk_constraint,skillops_normalized,apply_constraint_or_refuse,selected_pending_label_review,not_run,pending,DEEPSEEK_API_KEY,false,metadata_only_no_third_party_prose_or_code_copied,,pilot_logistics_not_external_effect_estimate
deepseek,deepseek-v4-flash,ext-art-155-risk::skillops_ablation,ext-art-155-risk,ext-art-155,agent_workflow_templates,openai-agents-js,openai,openai,risk_constraint,skillops_ablation,apply_constraint_or_refuse,selected_pending_label_review,not_run,pending,DEEPSEEK_API_KEY,false,metadata_only_no_third_party_prose_or_code_copied,,pilot_logistics_not_external_effect_estimate
deepseek,deepseek-v4-flash,ext-art-170-pos::original_freeform,ext-art-170-pos,ext-art-170,agent_workflow_templates,autogen-examples,microsoft,microsoft,positive_trigger,original_freeform,trigger,selected_pending_label_review,not_run,pending,DEEPSEEK_API_KEY,false,metadata_only_no_third_party_prose_or_code_copied,,pilot_logistics_not_external_effect_estimate
deepseek,deepseek-v4-flash,ext-art-170-pos::skillops_normalized,ext-art-170-pos,ext-art-170,agent_workflow_templates,autogen-examples,microsoft,microsoft,positive_trigger,skillops_normalized,trigger,selected_pending_label_review,not_run,pending,DEEPSEEK_API_KEY,false,metadata_only_no_third_party_prose_or_code_copied,,pilot_logistics_not_external_effect_estimate
deepseek,deepseek-v4-flash,ext-art-170-pos::skillops_ablation,ext-art-170-pos,ext-art-170,agent_workflow_templates,autogen-examples,microsoft,microsoft,positive_trigger,skillops_ablation,trigger,selected_pending_label_review,not_run,pending,DEEPSEEK_API_KEY,false,metadata_only_no_third_party_prose_or_code_copied,,pilot_logistics_not_external_effect_estimate
deepseek,deepseek-v4-flash,ext-art-170-neg::original_freeform,ext-art-170-neg,ext-art-170,agent_workflow_templates,autogen-examples,microsoft,microsoft,negative_trigger,original_freeform,no_trigger,selected_pending_label_review,not_run,pending,DEEPSEEK_API_KEY,false,metadata_only_no_third_party_prose_or_code_copied,,pilot_logistics_not_external_effect_estimate
deepseek,deepseek-v4-flash,ext-art-170-neg::skillops_normalized,ext-art-170-neg,ext-art-170,agent_workflow_templates,autogen-examples,microsoft,microsoft,negative_trigger,skillops_normalized,no_trigger,selected_pending_label_review,not_run,pending,DEEPSEEK_API_KEY,false,metadata_only_no_third_party_prose_or_code_copied,,pilot_logistics_not_external_effect_estimate
deepseek,deepseek-v4-flash,ext-art-170-neg::skillops_ablation,ext-art-170-neg,ext-art-170,agent_workflow_templates,autogen-examples,microsoft,microsoft,negative_trigger,skillops_ablation,no_trigger,selected_pending_label_review,not_run,pending,DEEPSEEK_API_KEY,false,metadata_only_no_third_party_prose_or_code_copied,,pilot_logistics_not_external_effect_estimate
deepseek,deepseek-v4-flash,ext-art-170-bnd::original_freeform,ext-art-170-bnd,ext-art-170,agent_workflow_templates,autogen-examples,microsoft,microsoft,boundary_clarification,original_freeform,clarify_scope,selected_pending_label_review,not_run,pending,DEEPSEEK_API_KEY,false,metadata_only_no_third_party_prose_or_code_copied,,pilot_logistics_not_external_effect_estimate
deepseek,deepseek-v4-flash,ext-art-170-bnd::skillops_normalized,ext-art-170-bnd,ext-art-170,agent_workflow_templates,autogen-examples,microsoft,microsoft,boundary_clarification,skillops_normalized,clarify_scope,selected_pending_label_review,not_run,pending,DEEPSEEK_API_KEY,false,metadata_only_no_third_party_prose_or_code_copied,,pilot_logistics_not_external_effect_estimate
deepseek,deepseek-v4-flash,ext-art-170-bnd::skillops_ablation,ext-art-170-bnd,ext-art-170,agent_workflow_templates,autogen-examples,microsoft,microsoft,boundary_clarification,skillops_ablation,clarify_scope,selected_pending_label_review,not_run,pending,DEEPSEEK_API_KEY,false,metadata_only_no_third_party_prose_or_code_copied,,pilot_logistics_not_external_effect_estimate
deepseek,deepseek-v4-flash,ext-art-170-risk::original_freeform,ext-art-170-risk,ext-art-170,agent_workflow_templates,autogen-examples,microsoft,microsoft,risk_constraint,original_freeform,apply_constraint_or_refuse,selected_pending_label_review,not_run,pending,DEEPSEEK_API_KEY,false,metadata_only_no_third_party_prose_or_code_copied,,pilot_logistics_not_external_effect_estimate
deepseek,deepseek-v4-flash,ext-art-170-risk::skillops_normalized,ext-art-170-risk,ext-art-170,agent_workflow_templates,autogen-examples,microsoft,microsoft,risk_constraint,skillops_normalized,apply_constraint_or_refuse,selected_pending_label_review,not_run,pending,DEEPSEEK_API_KEY,false,metadata_only_no_third_party_prose_or_code_copied,,pilot_logistics_not_external_effect_estimate
deepseek,deepseek-v4-flash,ext-art-170-risk::skillops_ablation,ext-art-170-risk,ext-art-170,agent_workflow_templates,autogen-examples,microsoft,microsoft,risk_constraint,skillops_ablation,apply_constraint_or_refuse,selected_pending_label_review,not_run,pending,DEEPSEEK_API_KEY,false,metadata_only_no_third_party_prose_or_code_copied,,pilot_logistics_not_external_effect_estimate
deepseek,deepseek-v4-flash,ext-art-172-pos::original_freeform,ext-art-172-pos,ext-art-172,agent_workflow_templates,autogen-examples,microsoft,microsoft,positive_trigger,original_freeform,trigger,selected_pending_label_review,not_run,pending,DEEPSEEK_API_KEY,false,metadata_only_no_third_party_prose_or_code_copied,,pilot_logistics_not_external_effect_estimate
deepseek,deepseek-v4-flash,ext-art-172-pos::skillops_normalized,ext-art-172-pos,ext-art-172,agent_workflow_templates,autogen-examples,microsoft,microsoft,positive_trigger,skillops_normalized,trigger,selected_pending_label_review,not_run,pending,DEEPSEEK_API_KEY,false,metadata_only_no_third_party_prose_or_code_copied,,pilot_logistics_not_external_effect_estimate
deepseek,deepseek-v4-flash,ext-art-172-pos::skillops_ablation,ext-art-172-pos,ext-art-172,agent_workflow_templates,autogen-examples,microsoft,microsoft,positive_trigger,skillops_ablation,trigger,selected_pending_label_review,not_run,pending,DEEPSEEK_API_KEY,false,metadata_only_no_third_party_prose_or_code_copied,,pilot_logistics_not_external_effect_estimate
deepseek,deepseek-v4-flash,ext-art-172-neg::original_freeform,ext-art-172-neg,ext-art-172,agent_workflow_templates,autogen-examples,microsoft,microsoft,negative_trigger,original_freeform,no_trigger,selected_pending_label_review,not_run,pending,DEEPSEEK_API_KEY,false,metadata_only_no_third_party_prose_or_code_copied,,pilot_logistics_not_external_effect_estimate
deepseek,deepseek-v4-flash,ext-art-172-neg::skillops_normalized,ext-art-172-neg,ext-art-172,agent_workflow_templates,autogen-examples,microsoft,microsoft,negative_trigger,skillops_normalized,no_trigger,selected_pending_label_review,not_run,pending,DEEPSEEK_API_KEY,false,metadata_only_no_third_party_prose_or_code_copied,,pilot_logistics_not_external_effect_estimate
deepseek,deepseek-v4-flash,ext-art-172-neg::skillops_ablation,ext-art-172-neg,ext-art-172,agent_workflow_templates,autogen-examples,microsoft,microsoft,negative_trigger,skillops_ablation,no_trigger,selected_pending_label_review,not_run,pending,DEEPSEEK_API_KEY,false,metadata_only_no_third_party_prose_or_code_copied,,pilot_logistics_not_external_effect_estimate
deepseek,deepseek-v4-flash,ext-art-172-bnd::original_freeform,ext-art-172-bnd,ext-art-172,agent_workflow_templates,autogen-examples,microsoft,microsoft,boundary_clarification,original_freeform,clarify_scope,selected_pending_label_review,not_run,pending,DEEPSEEK_API_KEY,false,metadata_only_no_third_party_prose_or_code_copied,,pilot_logistics_not_external_effect_estimate
deepseek,deepseek-v4-flash,ext-art-172-bnd::skillops_normalized,ext-art-172-bnd,ext-art-172,agent_workflow_templates,autogen-examples,microsoft,microsoft,boundary_clarification,skillops_normalized,clarify_scope,selected_pending_label_review,not_run,pending,DEEPSEEK_API_KEY,false,metadata_only_no_third_party_prose_or_code_copied,,pilot_logistics_not_external_effect_estimate
deepseek,deepseek-v4-flash,ext-art-172-bnd::skillops_ablation,ext-art-172-bnd,ext-art-172,agent_workflow_templates,autogen-examples,microsoft,microsoft,boundary_clarification,skillops_ablation,clarify_scope,selected_pending_label_review,not_run,pending,DEEPSEEK_API_KEY,false,metadata_only_no_third_party_prose_or_code_copied,,pilot_logistics_not_external_effect_estimate
deepseek,deepseek-v4-flash,ext-art-172-risk::original_freeform,ext-art-172-risk,ext-art-172,agent_workflow_templates,autogen-examples,microsoft,microsoft,risk_constraint,original_freeform,apply_constraint_or_refuse,selected_pending_label_review,not_run,pending,DEEPSEEK_API_KEY,false,metadata_only_no_third_party_prose_or_code_copied,,pilot_logistics_not_external_effect_estimate
deepseek,deepseek-v4-flash,ext-art-172-risk::skillops_normalized,ext-art-172-risk,ext-art-172,agent_workflow_templates,autogen-examples,microsoft,microsoft,risk_constraint,skillops_normalized,apply_constraint_or_refuse,selected_pending_label_review,not_run,pending,DEEPSEEK_API_KEY,false,metadata_only_no_third_party_prose_or_code_copied,,pilot_logistics_not_external_effect_estimate
deepseek,deepseek-v4-flash,ext-art-172-risk::skillops_ablation,ext-art-172-risk,ext-art-172,agent_workflow_templates,autogen-examples,microsoft,microsoft,risk_constraint,skillops_ablation,apply_constraint_or_refuse,selected_pending_label_review,not_run,pending,DEEPSEEK_API_KEY,false,metadata_only_no_third_party_prose_or_code_copied,,pilot_logistics_not_external_effect_estimate
deepseek,deepseek-v4-flash,ext-art-184-pos::original_freeform,ext-art-184-pos,ext-art-184,agent_workflow_templates,langgraph-template,langchain-ai,langchain,positive_trigger,original_freeform,trigger,selected_pending_label_review,not_run,pending,DEEPSEEK_API_KEY,false,metadata_only_no_third_party_prose_or_code_copied,,pilot_logistics_not_external_effect_estimate
deepseek,deepseek-v4-flash,ext-art-184-pos::skillops_normalized,ext-art-184-pos,ext-art-184,agent_workflow_templates,langgraph-template,langchain-ai,langchain,positive_trigger,skillops_normalized,trigger,selected_pending_label_review,not_run,pending,DEEPSEEK_API_KEY,false,metadata_only_no_third_party_prose_or_code_copied,,pilot_logistics_not_external_effect_estimate
deepseek,deepseek-v4-flash,ext-art-184-pos::skillops_ablation,ext-art-184-pos,ext-art-184,agent_workflow_templates,langgraph-template,langchain-ai,langchain,positive_trigger,skillops_ablation,trigger,selected_pending_label_review,not_run,pending,DEEPSEEK_API_KEY,false,metadata_only_no_third_party_prose_or_code_copied,,pilot_logistics_not_external_effect_estimate
deepseek,deepseek-v4-flash,ext-art-184-neg::original_freeform,ext-art-184-neg,ext-art-184,agent_workflow_templates,langgraph-template,langchain-ai,langchain,negative_trigger,original_freeform,no_trigger,selected_pending_label_review,not_run,pending,DEEPSEEK_API_KEY,false,metadata_only_no_third_party_prose_or_code_copied,,pilot_logistics_not_external_effect_estimate
deepseek,deepseek-v4-flash,ext-art-184-neg::skillops_normalized,ext-art-184-neg,ext-art-184,agent_workflow_templates,langgraph-template,langchain-ai,langchain,negative_trigger,skillops_normalized,no_trigger,selected_pending_label_review,not_run,pending,DEEPSEEK_API_KEY,false,metadata_only_no_third_party_prose_or_code_copied,,pilot_logistics_not_external_effect_estimate
deepseek,deepseek-v4-flash,ext-art-184-neg::skillops_ablation,ext-art-184-neg,ext-art-184,agent_workflow_templates,langgraph-template,langchain-ai,langchain,negative_trigger,skillops_ablation,no_trigger,selected_pending_label_review,not_run,pending,DEEPSEEK_API_KEY,false,metadata_only_no_third_party_prose_or_code_copied,,pilot_logistics_not_external_effect_estimate
deepseek,deepseek-v4-flash,ext-art-184-bnd::original_freeform,ext-art-184-bnd,ext-art-184,agent_workflow_templates,langgraph-template,langchain-ai,langchain,boundary_clarification,original_freeform,clarify_scope,selected_pending_label_review,not_run,pending,DEEPSEEK_API_KEY,false,metadata_only_no_third_party_prose_or_code_copied,,pilot_logistics_not_external_effect_estimate
deepseek,deepseek-v4-flash,ext-art-184-bnd::skillops_normalized,ext-art-184-bnd,ext-art-184,agent_workflow_templates,langgraph-template,langchain-ai,langchain,boundary_clarification,skillops_normalized,clarify_scope,selected_pending_label_review,not_run,pending,DEEPSEEK_API_KEY,false,metadata_only_no_third_party_prose_or_code_copied,,pilot_logistics_not_external_effect_estimate
deepseek,deepseek-v4-flash,ext-art-184-bnd::skillops_ablation,ext-art-184-bnd,ext-art-184,agent_workflow_templates,langgraph-template,langchain-ai,langchain,boundary_clarification,skillops_ablation,clarify_scope,selected_pending_label_review,not_run,pending,DEEPSEEK_API_KEY,false,metadata_only_no_third_party_prose_or_code_copied,,pilot_logistics_not_external_effect_estimate
deepseek,deepseek-v4-flash,ext-art-184-risk::original_freeform,ext-art-184-risk,ext-art-184,agent_workflow_templates,langgraph-template,langchain-ai,langchain,risk_constraint,original_freeform,apply_constraint_or_refuse,selected_pending_label_review,not_run,pending,DEEPSEEK_API_KEY,false,metadata_only_no_third_party_prose_or_code_copied,,pilot_logistics_not_external_effect_estimate
deepseek,deepseek-v4-flash,ext-art-184-risk::skillops_normalized,ext-art-184-risk,ext-art-184,agent_workflow_templates,langgraph-template,langchain-ai,langchain,risk_constraint,skillops_normalized,apply_constraint_or_refuse,selected_pending_label_review,not_run,pending,DEEPSEEK_API_KEY,false,metadata_only_no_third_party_prose_or_code_copied,,pilot_logistics_not_external_effect_estimate
deepseek,deepseek-v4-flash,ext-art-184-risk::skillops_ablation,ext-art-184-risk,ext-art-184,agent_workflow_templates,langgraph-template,langchain-ai,langchain,risk_constraint,skillops_ablation,apply_constraint_or_refuse,selected_pending_label_review,not_run,pending,DEEPSEEK_API_KEY,false,metadata_only_no_third_party_prose_or_code_copied,,pilot_logistics_not_external_effect_estimate
deepseek,deepseek-v4-flash,ext-art-187-pos::original_freeform,ext-art-187-pos,ext-art-187,agent_workflow_templates,langgraph-template,langchain-ai,langchain,positive_trigger,original_freeform,trigger,selected_pending_label_review,not_run,pending,DEEPSEEK_API_KEY,false,metadata_only_no_third_party_prose_or_code_copied,,pilot_logistics_not_external_effect_estimate
deepseek,deepseek-v4-flash,ext-art-187-pos::skillops_normalized,ext-art-187-pos,ext-art-187,agent_workflow_templates,langgraph-template,langchain-ai,langchain,positive_trigger,skillops_normalized,trigger,selected_pending_label_review,not_run,pending,DEEPSEEK_API_KEY,false,metadata_only_no_third_party_prose_or_code_copied,,pilot_logistics_not_external_effect_estimate
deepseek,deepseek-v4-flash,ext-art-187-pos::skillops_ablation,ext-art-187-pos,ext-art-187,agent_workflow_templates,langgraph-template,langchain-ai,langchain,positive_trigger,skillops_ablation,trigger,selected_pending_label_review,not_run,pending,DEEPSEEK_API_KEY,false,metadata_only_no_third_party_prose_or_code_copied,,pilot_logistics_not_external_effect_estimate
deepseek,deepseek-v4-flash,ext-art-187-neg::original_freeform,ext-art-187-neg,ext-art-187,agent_workflow_templates,langgraph-template,langchain-ai,langchain,negative_trigger,original_freeform,no_trigger,selected_pending_label_review,not_run,pending,DEEPSEEK_API_KEY,false,metadata_only_no_third_party_prose_or_code_copied,,pilot_logistics_not_external_effect_estimate
deepseek,deepseek-v4-flash,ext-art-187-neg::skillops_normalized,ext-art-187-neg,ext-art-187,agent_workflow_templates,langgraph-template,langchain-ai,langchain,negative_trigger,skillops_normalized,no_trigger,selected_pending_label_review,not_run,pending,DEEPSEEK_API_KEY,false,metadata_only_no_third_party_prose_or_code_copied,,pilot_logistics_not_external_effect_estimate
deepseek,deepseek-v4-flash,ext-art-187-neg::skillops_ablation,ext-art-187-neg,ext-art-187,agent_workflow_templates,langgraph-template,langchain-ai,langchain,negative_trigger,skillops_ablation,no_trigger,selected_pending_label_review,not_run,pending,DEEPSEEK_API_KEY,false,metadata_only_no_third_party_prose_or_code_copied,,pilot_logistics_not_external_effect_estimate
deepseek,deepseek-v4-flash,ext-art-187-bnd::original_freeform,ext-art-187-bnd,ext-art-187,agent_workflow_templates,langgraph-template,langchain-ai,langchain,boundary_clarification,original_freeform,clarify_scope,selected_pending_label_review,not_run,pending,DEEPSEEK_API_KEY,false,metadata_only_no_third_party_prose_or_code_copied,,pilot_logistics_not_external_effect_estimate
deepseek,deepseek-v4-flash,ext-art-187-bnd::skillops_normalized,ext-art-187-bnd,ext-art-187,agent_workflow_templates,langgraph-template,langchain-ai,langchain,boundary_clarification,skillops_normalized,clarify_scope,selected_pending_label_review,not_run,pending,DEEPSEEK_API_KEY,false,metadata_only_no_third_party_prose_or_code_copied,,pilot_logistics_not_external_effect_estimate
deepseek,deepseek-v4-flash,ext-art-187-bnd::skillops_ablation,ext-art-187-bnd,ext-art-187,agent_workflow_templates,langgraph-template,langchain-ai,langchain,boundary_clarification,skillops_ablation,clarify_scope,selected_pending_label_review,not_run,pending,DEEPSEEK_API_KEY,false,metadata_only_no_third_party_prose_or_code_copied,,pilot_logistics_not_external_effect_estimate
deepseek,deepseek-v4-flash,ext-art-187-risk::original_freeform,ext-art-187-risk,ext-art-187,agent_workflow_templates,langgraph-template,langchain-ai,langchain,risk_constraint,original_freeform,apply_constraint_or_refuse,selected_pending_label_review,not_run,pending,DEEPSEEK_API_KEY,false,metadata_only_no_third_party_prose_or_code_copied,,pilot_logistics_not_external_effect_estimate
deepseek,deepseek-v4-flash,ext-art-187-risk::skillops_normalized,ext-art-187-risk,ext-art-187,agent_workflow_templates,langgraph-template,langchain-ai,langchain,risk_constraint,skillops_normalized,apply_constraint_or_refuse,selected_pending_label_review,not_run,pending,DEEPSEEK_API_KEY,false,metadata_only_no_third_party_prose_or_code_copied,,pilot_logistics_not_external_effect_estimate
deepseek,deepseek-v4-flash,ext-art-187-risk::skillops_ablation,ext-art-187-risk,ext-art-187,agent_workflow_templates,langgraph-template,langchain-ai,langchain,risk_constraint,skillops_ablation,apply_constraint_or_refuse,selected_pending_label_review,not_run,pending,DEEPSEEK_API_KEY,false,metadata_only_no_third_party_prose_or_code_copied,,pilot_logistics_not_external_effect_estimate
deepseek,deepseek-v4-flash,ext-art-203-pos::original_freeform,ext-art-203-pos,ext-art-203,prompt_and_function_recipes,prompts-chat,f,prompt-corpus,positive_trigger,original_freeform,trigger,selected_pending_label_review,not_run,pending,DEEPSEEK_API_KEY,false,metadata_only_no_third_party_prose_or_code_copied,,pilot_logistics_not_external_effect_estimate
deepseek,deepseek-v4-flash,ext-art-203-pos::skillops_normalized,ext-art-203-pos,ext-art-203,prompt_and_function_recipes,prompts-chat,f,prompt-corpus,positive_trigger,skillops_normalized,trigger,selected_pending_label_review,not_run,pending,DEEPSEEK_API_KEY,false,metadata_only_no_third_party_prose_or_code_copied,,pilot_logistics_not_external_effect_estimate
deepseek,deepseek-v4-flash,ext-art-203-pos::skillops_ablation,ext-art-203-pos,ext-art-203,prompt_and_function_recipes,prompts-chat,f,prompt-corpus,positive_trigger,skillops_ablation,trigger,selected_pending_label_review,not_run,pending,DEEPSEEK_API_KEY,false,metadata_only_no_third_party_prose_or_code_copied,,pilot_logistics_not_external_effect_estimate
deepseek,deepseek-v4-flash,ext-art-203-neg::original_freeform,ext-art-203-neg,ext-art-203,prompt_and_function_recipes,prompts-chat,f,prompt-corpus,negative_trigger,original_freeform,no_trigger,selected_pending_label_review,not_run,pending,DEEPSEEK_API_KEY,false,metadata_only_no_third_party_prose_or_code_copied,,pilot_logistics_not_external_effect_estimate
deepseek,deepseek-v4-flash,ext-art-203-neg::skillops_normalized,ext-art-203-neg,ext-art-203,prompt_and_function_recipes,prompts-chat,f,prompt-corpus,negative_trigger,skillops_normalized,no_trigger,selected_pending_label_review,not_run,pending,DEEPSEEK_API_KEY,false,metadata_only_no_third_party_prose_or_code_copied,,pilot_logistics_not_external_effect_estimate
deepseek,deepseek-v4-flash,ext-art-203-neg::skillops_ablation,ext-art-203-neg,ext-art-203,prompt_and_function_recipes,prompts-chat,f,prompt-corpus,negative_trigger,skillops_ablation,no_trigger,selected_pending_label_review,not_run,pending,DEEPSEEK_API_KEY,false,metadata_only_no_third_party_prose_or_code_copied,,pilot_logistics_not_external_effect_estimate
deepseek,deepseek-v4-flash,ext-art-203-bnd::original_freeform,ext-art-203-bnd,ext-art-203,prompt_and_function_recipes,prompts-chat,f,prompt-corpus,boundary_clarification,original_freeform,clarify_scope,selected_pending_label_review,not_run,pending,DEEPSEEK_API_KEY,false,metadata_only_no_third_party_prose_or_code_copied,,pilot_logistics_not_external_effect_estimate
deepseek,deepseek-v4-flash,ext-art-203-bnd::skillops_normalized,ext-art-203-bnd,ext-art-203,prompt_and_function_recipes,prompts-chat,f,prompt-corpus,boundary_clarification,skillops_normalized,clarify_scope,selected_pending_label_review,not_run,pending,DEEPSEEK_API_KEY,false,metadata_only_no_third_party_prose_or_code_copied,,pilot_logistics_not_external_effect_estimate
deepseek,deepseek-v4-flash,ext-art-203-bnd::skillops_ablation,ext-art-203-bnd,ext-art-203,prompt_and_function_recipes,prompts-chat,f,prompt-corpus,boundary_clarification,skillops_ablation,clarify_scope,selected_pending_label_review,not_run,pending,DEEPSEEK_API_KEY,false,metadata_only_no_third_party_prose_or_code_copied,,pilot_logistics_not_external_effect_estimate
deepseek,deepseek-v4-flash,ext-art-203-risk::original_freeform,ext-art-203-risk,ext-art-203,prompt_and_function_recipes,prompts-chat,f,prompt-corpus,risk_constraint,original_freeform,apply_constraint_or_refuse,selected_pending_label_review,not_run,pending,DEEPSEEK_API_KEY,false,metadata_only_no_third_party_prose_or_code_copied,,pilot_logistics_not_external_effect_estimate
deepseek,deepseek-v4-flash,ext-art-203-risk::skillops_normalized,ext-art-203-risk,ext-art-203,prompt_and_function_recipes,prompts-chat,f,prompt-corpus,risk_constraint,skillops_normalized,apply_constraint_or_refuse,selected_pending_label_review,not_run,pending,DEEPSEEK_API_KEY,false,metadata_only_no_third_party_prose_or_code_copied,,pilot_logistics_not_external_effect_estimate
deepseek,deepseek-v4-flash,ext-art-203-risk::skillops_ablation,ext-art-203-risk,ext-art-203,prompt_and_function_recipes,prompts-chat,f,prompt-corpus,risk_constraint,skillops_ablation,apply_constraint_or_refuse,selected_pending_label_review,not_run,pending,DEEPSEEK_API_KEY,false,metadata_only_no_third_party_prose_or_code_copied,,pilot_logistics_not_external_effect_estimate
deepseek,deepseek-v4-flash,ext-art-216-pos::original_freeform,ext-art-216-pos,ext-art-216,prompt_and_function_recipes,open-webui-functions,owndev,open-webui,positive_trigger,original_freeform,trigger,selected_pending_label_review,not_run,pending,DEEPSEEK_API_KEY,false,metadata_only_no_third_party_prose_or_code_copied,,pilot_logistics_not_external_effect_estimate
deepseek,deepseek-v4-flash,ext-art-216-pos::skillops_normalized,ext-art-216-pos,ext-art-216,prompt_and_function_recipes,open-webui-functions,owndev,open-webui,positive_trigger,skillops_normalized,trigger,selected_pending_label_review,not_run,pending,DEEPSEEK_API_KEY,false,metadata_only_no_third_party_prose_or_code_copied,,pilot_logistics_not_external_effect_estimate
deepseek,deepseek-v4-flash,ext-art-216-pos::skillops_ablation,ext-art-216-pos,ext-art-216,prompt_and_function_recipes,open-webui-functions,owndev,open-webui,positive_trigger,skillops_ablation,trigger,selected_pending_label_review,not_run,pending,DEEPSEEK_API_KEY,false,metadata_only_no_third_party_prose_or_code_copied,,pilot_logistics_not_external_effect_estimate
deepseek,deepseek-v4-flash,ext-art-216-neg::original_freeform,ext-art-216-neg,ext-art-216,prompt_and_function_recipes,open-webui-functions,owndev,open-webui,negative_trigger,original_freeform,no_trigger,selected_pending_label_review,not_run,pending,DEEPSEEK_API_KEY,false,metadata_only_no_third_party_prose_or_code_copied,,pilot_logistics_not_external_effect_estimate
deepseek,deepseek-v4-flash,ext-art-216-neg::skillops_normalized,ext-art-216-neg,ext-art-216,prompt_and_function_recipes,open-webui-functions,owndev,open-webui,negative_trigger,skillops_normalized,no_trigger,selected_pending_label_review,not_run,pending,DEEPSEEK_API_KEY,false,metadata_only_no_third_party_prose_or_code_copied,,pilot_logistics_not_external_effect_estimate
deepseek,deepseek-v4-flash,ext-art-216-neg::skillops_ablation,ext-art-216-neg,ext-art-216,prompt_and_function_recipes,open-webui-functions,owndev,open-webui,negative_trigger,skillops_ablation,no_trigger,selected_pending_label_review,not_run,pending,DEEPSEEK_API_KEY,false,metadata_only_no_third_party_prose_or_code_copied,,pilot_logistics_not_external_effect_estimate
deepseek,deepseek-v4-flash,ext-art-216-bnd::original_freeform,ext-art-216-bnd,ext-art-216,prompt_and_function_recipes,open-webui-functions,owndev,open-webui,boundary_clarification,original_freeform,clarify_scope,selected_pending_label_review,not_run,pending,DEEPSEEK_API_KEY,false,metadata_only_no_third_party_prose_or_code_copied,,pilot_logistics_not_external_effect_estimate
deepseek,deepseek-v4-flash,ext-art-216-bnd::skillops_normalized,ext-art-216-bnd,ext-art-216,prompt_and_function_recipes,open-webui-functions,owndev,open-webui,boundary_clarification,skillops_normalized,clarify_scope,selected_pending_label_review,not_run,pending,DEEPSEEK_API_KEY,false,metadata_only_no_third_party_prose_or_code_copied,,pilot_logistics_not_external_effect_estimate
deepseek,deepseek-v4-flash,ext-art-216-bnd::skillops_ablation,ext-art-216-bnd,ext-art-216,prompt_and_function_recipes,open-webui-functions,owndev,open-webui,boundary_clarification,skillops_ablation,clarify_scope,selected_pending_label_review,not_run,pending,DEEPSEEK_API_KEY,false,metadata_only_no_third_party_prose_or_code_copied,,pilot_logistics_not_external_effect_estimate
deepseek,deepseek-v4-flash,ext-art-216-risk::original_freeform,ext-art-216-risk,ext-art-216,prompt_and_function_recipes,open-webui-functions,owndev,open-webui,risk_constraint,original_freeform,apply_constraint_or_refuse,selected_pending_label_review,not_run,pending,DEEPSEEK_API_KEY,false,metadata_only_no_third_party_prose_or_code_copied,,pilot_logistics_not_external_effect_estimate
deepseek,deepseek-v4-flash,ext-art-216-risk::skillops_normalized,ext-art-216-risk,ext-art-216,prompt_and_function_recipes,open-webui-functions,owndev,open-webui,risk_constraint,skillops_normalized,apply_constraint_or_refuse,selected_pending_label_review,not_run,pending,DEEPSEEK_API_KEY,false,metadata_only_no_third_party_prose_or_code_copied,,pilot_logistics_not_external_effect_estimate
deepseek,deepseek-v4-flash,ext-art-216-risk::skillops_ablation,ext-art-216-risk,ext-art-216,prompt_and_function_recipes,open-webui-functions,owndev,open-webui,risk_constraint,skillops_ablation,apply_constraint_or_refuse,selected_pending_label_review,not_run,pending,DEEPSEEK_API_KEY,false,metadata_only_no_third_party_prose_or_code_copied,,pilot_logistics_not_external_effect_estimate
deepseek,deepseek-v4-flash,ext-art-225-pos::original_freeform,ext-art-225-pos,ext-art-225,prompt_and_function_recipes,open-webui-functions,owndev,open-webui,positive_trigger,original_freeform,trigger,selected_pending_label_review,not_run,pending,DEEPSEEK_API_KEY,false,metadata_only_no_third_party_prose_or_code_copied,,pilot_logistics_not_external_effect_estimate
deepseek,deepseek-v4-flash,ext-art-225-pos::skillops_normalized,ext-art-225-pos,ext-art-225,prompt_and_function_recipes,open-webui-functions,owndev,open-webui,positive_trigger,skillops_normalized,trigger,selected_pending_label_review,not_run,pending,DEEPSEEK_API_KEY,false,metadata_only_no_third_party_prose_or_code_copied,,pilot_logistics_not_external_effect_estimate
deepseek,deepseek-v4-flash,ext-art-225-pos::skillops_ablation,ext-art-225-pos,ext-art-225,prompt_and_function_recipes,open-webui-functions,owndev,open-webui,positive_trigger,skillops_ablation,trigger,selected_pending_label_review,not_run,pending,DEEPSEEK_API_KEY,false,metadata_only_no_third_party_prose_or_code_copied,,pilot_logistics_not_external_effect_estimate
deepseek,deepseek-v4-flash,ext-art-225-neg::original_freeform,ext-art-225-neg,ext-art-225,prompt_and_function_recipes,open-webui-functions,owndev,open-webui,negative_trigger,original_freeform,no_trigger,selected_pending_label_review,not_run,pending,DEEPSEEK_API_KEY,false,metadata_only_no_third_party_prose_or_code_copied,,pilot_logistics_not_external_effect_estimate
deepseek,deepseek-v4-flash,ext-art-225-neg::skillops_normalized,ext-art-225-neg,ext-art-225,prompt_and_function_recipes,open-webui-functions,owndev,open-webui,negative_trigger,skillops_normalized,no_trigger,selected_pending_label_review,not_run,pending,DEEPSEEK_API_KEY,false,metadata_only_no_third_party_prose_or_code_copied,,pilot_logistics_not_external_effect_estimate
deepseek,deepseek-v4-flash,ext-art-225-neg::skillops_ablation,ext-art-225-neg,ext-art-225,prompt_and_function_recipes,open-webui-functions,owndev,open-webui,negative_trigger,skillops_ablation,no_trigger,selected_pending_label_review,not_run,pending,DEEPSEEK_API_KEY,false,metadata_only_no_third_party_prose_or_code_copied,,pilot_logistics_not_external_effect_estimate
deepseek,deepseek-v4-flash,ext-art-225-bnd::original_freeform,ext-art-225-bnd,ext-art-225,prompt_and_function_recipes,open-webui-functions,owndev,open-webui,boundary_clarification,original_freeform,clarify_scope,selected_pending_label_review,not_run,pending,DEEPSEEK_API_KEY,false,metadata_only_no_third_party_prose_or_code_copied,,pilot_logistics_not_external_effect_estimate
deepseek,deepseek-v4-flash,ext-art-225-bnd::skillops_normalized,ext-art-225-bnd,ext-art-225,prompt_and_function_recipes,open-webui-functions,owndev,open-webui,boundary_clarification,skillops_normalized,clarify_scope,selected_pending_label_review,not_run,pending,DEEPSEEK_API_KEY,false,metadata_only_no_third_party_prose_or_code_copied,,pilot_logistics_not_external_effect_estimate
deepseek,deepseek-v4-flash,ext-art-225-bnd::skillops_ablation,ext-art-225-bnd,ext-art-225,prompt_and_function_recipes,open-webui-functions,owndev,open-webui,boundary_clarification,skillops_ablation,clarify_scope,selected_pending_label_review,not_run,pending,DEEPSEEK_API_KEY,false,metadata_only_no_third_party_prose_or_code_copied,,pilot_logistics_not_external_effect_estimate
deepseek,deepseek-v4-flash,ext-art-225-risk::original_freeform,ext-art-225-risk,ext-art-225,prompt_and_function_recipes,open-webui-functions,owndev,open-webui,risk_constraint,original_freeform,apply_constraint_or_refuse,selected_pending_label_review,not_run,pending,DEEPSEEK_API_KEY,false,metadata_only_no_third_party_prose_or_code_copied,,pilot_logistics_not_external_effect_estimate
deepseek,deepseek-v4-flash,ext-art-225-risk::skillops_normalized,ext-art-225-risk,ext-art-225,prompt_and_function_recipes,open-webui-functions,owndev,open-webui,risk_constraint,skillops_normalized,apply_constraint_or_refuse,selected_pending_label_review,not_run,pending,DEEPSEEK_API_KEY,false,metadata_only_no_third_party_prose_or_code_copied,,pilot_logistics_not_external_effect_estimate
deepseek,deepseek-v4-flash,ext-art-225-risk::skillops_ablation,ext-art-225-risk,ext-art-225,prompt_and_function_recipes,open-webui-functions,owndev,open-webui,risk_constraint,skillops_ablation,apply_constraint_or_refuse,selected_pending_label_review,not_run,pending,DEEPSEEK_API_KEY,false,metadata_only_no_third_party_prose_or_code_copied,,pilot_logistics_not_external_effect_estimate
deepseek,deepseek-v4-flash,ext-art-228-pos::original_freeform,ext-art-228-pos,ext-art-228,prompt_and_function_recipes,open-webui-functions,owndev,open-webui,positive_trigger,original_freeform,trigger,selected_pending_label_review,not_run,pending,DEEPSEEK_API_KEY,false,metadata_only_no_third_party_prose_or_code_copied,,pilot_logistics_not_external_effect_estimate
deepseek,deepseek-v4-flash,ext-art-228-pos::skillops_normalized,ext-art-228-pos,ext-art-228,prompt_and_function_recipes,open-webui-functions,owndev,open-webui,positive_trigger,skillops_normalized,trigger,selected_pending_label_review,not_run,pending,DEEPSEEK_API_KEY,false,metadata_only_no_third_party_prose_or_code_copied,,pilot_logistics_not_external_effect_estimate
deepseek,deepseek-v4-flash,ext-art-228-pos::skillops_ablation,ext-art-228-pos,ext-art-228,prompt_and_function_recipes,open-webui-functions,owndev,open-webui,positive_trigger,skillops_ablation,trigger,selected_pending_label_review,not_run,pending,DEEPSEEK_API_KEY,false,metadata_only_no_third_party_prose_or_code_copied,,pilot_logistics_not_external_effect_estimate
deepseek,deepseek-v4-flash,ext-art-228-neg::original_freeform,ext-art-228-neg,ext-art-228,prompt_and_function_recipes,open-webui-functions,owndev,open-webui,negative_trigger,original_freeform,no_trigger,selected_pending_label_review,not_run,pending,DEEPSEEK_API_KEY,false,metadata_only_no_third_party_prose_or_code_copied,,pilot_logistics_not_external_effect_estimate
deepseek,deepseek-v4-flash,ext-art-228-neg::skillops_normalized,ext-art-228-neg,ext-art-228,prompt_and_function_recipes,open-webui-functions,owndev,open-webui,negative_trigger,skillops_normalized,no_trigger,selected_pending_label_review,not_run,pending,DEEPSEEK_API_KEY,false,metadata_only_no_third_party_prose_or_code_copied,,pilot_logistics_not_external_effect_estimate
deepseek,deepseek-v4-flash,ext-art-228-neg::skillops_ablation,ext-art-228-neg,ext-art-228,prompt_and_function_recipes,open-webui-functions,owndev,open-webui,negative_trigger,skillops_ablation,no_trigger,selected_pending_label_review,not_run,pending,DEEPSEEK_API_KEY,false,metadata_only_no_third_party_prose_or_code_copied,,pilot_logistics_not_external_effect_estimate
deepseek,deepseek-v4-flash,ext-art-228-bnd::original_freeform,ext-art-228-bnd,ext-art-228,prompt_and_function_recipes,open-webui-functions,owndev,open-webui,boundary_clarification,original_freeform,clarify_scope,selected_pending_label_review,not_run,pending,DEEPSEEK_API_KEY,false,metadata_only_no_third_party_prose_or_code_copied,,pilot_logistics_not_external_effect_estimate
deepseek,deepseek-v4-flash,ext-art-228-bnd::skillops_normalized,ext-art-228-bnd,ext-art-228,prompt_and_function_recipes,open-webui-functions,owndev,open-webui,boundary_clarification,skillops_normalized,clarify_scope,selected_pending_label_review,not_run,pending,DEEPSEEK_API_KEY,false,metadata_only_no_third_party_prose_or_code_copied,,pilot_logistics_not_external_effect_estimate
deepseek,deepseek-v4-flash,ext-art-228-bnd::skillops_ablation,ext-art-228-bnd,ext-art-228,prompt_and_function_recipes,open-webui-functions,owndev,open-webui,boundary_clarification,skillops_ablation,clarify_scope,selected_pending_label_review,not_run,pending,DEEPSEEK_API_KEY,false,metadata_only_no_third_party_prose_or_code_copied,,pilot_logistics_not_external_effect_estimate
deepseek,deepseek-v4-flash,ext-art-228-risk::original_freeform,ext-art-228-risk,ext-art-228,prompt_and_function_recipes,open-webui-functions,owndev,open-webui,risk_constraint,original_freeform,apply_constraint_or_refuse,selected_pending_label_review,not_run,pending,DEEPSEEK_API_KEY,false,metadata_only_no_third_party_prose_or_code_copied,,pilot_logistics_not_external_effect_estimate
deepseek,deepseek-v4-flash,ext-art-228-risk::skillops_normalized,ext-art-228-risk,ext-art-228,prompt_and_function_recipes,open-webui-functions,owndev,open-webui,risk_constraint,skillops_normalized,apply_constraint_or_refuse,selected_pending_label_review,not_run,pending,DEEPSEEK_API_KEY,false,metadata_only_no_third_party_prose_or_code_copied,,pilot_logistics_not_external_effect_estimate
deepseek,deepseek-v4-flash,ext-art-228-risk::skillops_ablation,ext-art-228-risk,ext-art-228,prompt_and_function_recipes,open-webui-functions,owndev,open-webui,risk_constraint,skillops_ablation,apply_constraint_or_refuse,selected_pending_label_review,not_run,pending,DEEPSEEK_API_KEY,false,metadata_only_no_third_party_prose_or_code_copied,,pilot_logistics_not_external_effect_estimate
deepseek,deepseek-v4-flash,ext-art-232-pos::original_freeform,ext-art-232-pos,ext-art-232,prompt_and_function_recipes,open-webui-functions,owndev,open-webui,positive_trigger,original_freeform,trigger,selected_pending_label_review,not_run,pending,DEEPSEEK_API_KEY,false,metadata_only_no_third_party_prose_or_code_copied,,pilot_logistics_not_external_effect_estimate
deepseek,deepseek-v4-flash,ext-art-232-pos::skillops_normalized,ext-art-232-pos,ext-art-232,prompt_and_function_recipes,open-webui-functions,owndev,open-webui,positive_trigger,skillops_normalized,trigger,selected_pending_label_review,not_run,pending,DEEPSEEK_API_KEY,false,metadata_only_no_third_party_prose_or_code_copied,,pilot_logistics_not_external_effect_estimate
deepseek,deepseek-v4-flash,ext-art-232-pos::skillops_ablation,ext-art-232-pos,ext-art-232,prompt_and_function_recipes,open-webui-functions,owndev,open-webui,positive_trigger,skillops_ablation,trigger,selected_pending_label_review,not_run,pending,DEEPSEEK_API_KEY,false,metadata_only_no_third_party_prose_or_code_copied,,pilot_logistics_not_external_effect_estimate
deepseek,deepseek-v4-flash,ext-art-232-neg::original_freeform,ext-art-232-neg,ext-art-232,prompt_and_function_recipes,open-webui-functions,owndev,open-webui,negative_trigger,original_freeform,no_trigger,selected_pending_label_review,not_run,pending,DEEPSEEK_API_KEY,false,metadata_only_no_third_party_prose_or_code_copied,,pilot_logistics_not_external_effect_estimate
deepseek,deepseek-v4-flash,ext-art-232-neg::skillops_normalized,ext-art-232-neg,ext-art-232,prompt_and_function_recipes,open-webui-functions,owndev,open-webui,negative_trigger,skillops_normalized,no_trigger,selected_pending_label_review,not_run,pending,DEEPSEEK_API_KEY,false,metadata_only_no_third_party_prose_or_code_copied,,pilot_logistics_not_external_effect_estimate
deepseek,deepseek-v4-flash,ext-art-232-neg::skillops_ablation,ext-art-232-neg,ext-art-232,prompt_and_function_recipes,open-webui-functions,owndev,open-webui,negative_trigger,skillops_ablation,no_trigger,selected_pending_label_review,not_run,pending,DEEPSEEK_API_KEY,false,metadata_only_no_third_party_prose_or_code_copied,,pilot_logistics_not_external_effect_estimate
deepseek,deepseek-v4-flash,ext-art-232-bnd::original_freeform,ext-art-232-bnd,ext-art-232,prompt_and_function_recipes,open-webui-functions,owndev,open-webui,boundary_clarification,original_freeform,clarify_scope,selected_pending_label_review,not_run,pending,DEEPSEEK_API_KEY,false,metadata_only_no_third_party_prose_or_code_copied,,pilot_logistics_not_external_effect_estimate
deepseek,deepseek-v4-flash,ext-art-232-bnd::skillops_normalized,ext-art-232-bnd,ext-art-232,prompt_and_function_recipes,open-webui-functions,owndev,open-webui,boundary_clarification,skillops_normalized,clarify_scope,selected_pending_label_review,not_run,pending,DEEPSEEK_API_KEY,false,metadata_only_no_third_party_prose_or_code_copied,,pilot_logistics_not_external_effect_estimate
deepseek,deepseek-v4-flash,ext-art-232-bnd::skillops_ablation,ext-art-232-bnd,ext-art-232,prompt_and_function_recipes,open-webui-functions,owndev,open-webui,boundary_clarification,skillops_ablation,clarify_scope,selected_pending_label_review,not_run,pending,DEEPSEEK_API_KEY,false,metadata_only_no_third_party_prose_or_code_copied,,pilot_logistics_not_external_effect_estimate
deepseek,deepseek-v4-flash,ext-art-232-risk::original_freeform,ext-art-232-risk,ext-art-232,prompt_and_function_recipes,open-webui-functions,owndev,open-webui,risk_constraint,original_freeform,apply_constraint_or_refuse,selected_pending_label_review,not_run,pending,DEEPSEEK_API_KEY,false,metadata_only_no_third_party_prose_or_code_copied,,pilot_logistics_not_external_effect_estimate
deepseek,deepseek-v4-flash,ext-art-232-risk::skillops_normalized,ext-art-232-risk,ext-art-232,prompt_and_function_recipes,open-webui-functions,owndev,open-webui,risk_constraint,skillops_normalized,apply_constraint_or_refuse,selected_pending_label_review,not_run,pending,DEEPSEEK_API_KEY,false,metadata_only_no_third_party_prose_or_code_copied,,pilot_logistics_not_external_effect_estimate
deepseek,deepseek-v4-flash,ext-art-232-risk::skillops_ablation,ext-art-232-risk,ext-art-232,prompt_and_function_recipes,open-webui-functions,owndev,open-webui,risk_constraint,skillops_ablation,apply_constraint_or_refuse,selected_pending_label_review,not_run,pending,DEEPSEEK_API_KEY,false,metadata_only_no_third_party_prose_or_code_copied,,pilot_logistics_not_external_effect_estimate
deepseek,deepseek-v4-flash,ext-art-234-pos::original_freeform,ext-art-234-pos,ext-art-234,prompt_and_function_recipes,open-webui-functions,owndev,open-webui,positive_trigger,original_freeform,trigger,selected_pending_label_review,not_run,pending,DEEPSEEK_API_KEY,false,metadata_only_no_third_party_prose_or_code_copied,,pilot_logistics_not_external_effect_estimate
deepseek,deepseek-v4-flash,ext-art-234-pos::skillops_normalized,ext-art-234-pos,ext-art-234,prompt_and_function_recipes,open-webui-functions,owndev,open-webui,positive_trigger,skillops_normalized,trigger,selected_pending_label_review,not_run,pending,DEEPSEEK_API_KEY,false,metadata_only_no_third_party_prose_or_code_copied,,pilot_logistics_not_external_effect_estimate
deepseek,deepseek-v4-flash,ext-art-234-pos::skillops_ablation,ext-art-234-pos,ext-art-234,prompt_and_function_recipes,open-webui-functions,owndev,open-webui,positive_trigger,skillops_ablation,trigger,selected_pending_label_review,not_run,pending,DEEPSEEK_API_KEY,false,metadata_only_no_third_party_prose_or_code_copied,,pilot_logistics_not_external_effect_estimate
deepseek,deepseek-v4-flash,ext-art-234-neg::original_freeform,ext-art-234-neg,ext-art-234,prompt_and_function_recipes,open-webui-functions,owndev,open-webui,negative_trigger,original_freeform,no_trigger,selected_pending_label_review,not_run,pending,DEEPSEEK_API_KEY,false,metadata_only_no_third_party_prose_or_code_copied,,pilot_logistics_not_external_effect_estimate
deepseek,deepseek-v4-flash,ext-art-234-neg::skillops_normalized,ext-art-234-neg,ext-art-234,prompt_and_function_recipes,open-webui-functions,owndev,open-webui,negative_trigger,skillops_normalized,no_trigger,selected_pending_label_review,not_run,pending,DEEPSEEK_API_KEY,false,metadata_only_no_third_party_prose_or_code_copied,,pilot_logistics_not_external_effect_estimate
deepseek,deepseek-v4-flash,ext-art-234-neg::skillops_ablation,ext-art-234-neg,ext-art-234,prompt_and_function_recipes,open-webui-functions,owndev,open-webui,negative_trigger,skillops_ablation,no_trigger,selected_pending_label_review,not_run,pending,DEEPSEEK_API_KEY,false,metadata_only_no_third_party_prose_or_code_copied,,pilot_logistics_not_external_effect_estimate
deepseek,deepseek-v4-flash,ext-art-234-bnd::original_freeform,ext-art-234-bnd,ext-art-234,prompt_and_function_recipes,open-webui-functions,owndev,open-webui,boundary_clarification,original_freeform,clarify_scope,selected_pending_label_review,not_run,pending,DEEPSEEK_API_KEY,false,metadata_only_no_third_party_prose_or_code_copied,,pilot_logistics_not_external_effect_estimate
deepseek,deepseek-v4-flash,ext-art-234-bnd::skillops_normalized,ext-art-234-bnd,ext-art-234,prompt_and_function_recipes,open-webui-functions,owndev,open-webui,boundary_clarification,skillops_normalized,clarify_scope,selected_pending_label_review,not_run,pending,DEEPSEEK_API_KEY,false,metadata_only_no_third_party_prose_or_code_copied,,pilot_logistics_not_external_effect_estimate
deepseek,deepseek-v4-flash,ext-art-234-bnd::skillops_ablation,ext-art-234-bnd,ext-art-234,prompt_and_function_recipes,open-webui-functions,owndev,open-webui,boundary_clarification,skillops_ablation,clarify_scope,selected_pending_label_review,not_run,pending,DEEPSEEK_API_KEY,false,metadata_only_no_third_party_prose_or_code_copied,,pilot_logistics_not_external_effect_estimate
deepseek,deepseek-v4-flash,ext-art-234-risk::original_freeform,ext-art-234-risk,ext-art-234,prompt_and_function_recipes,open-webui-functions,owndev,open-webui,risk_constraint,original_freeform,apply_constraint_or_refuse,selected_pending_label_review,not_run,pending,DEEPSEEK_API_KEY,false,metadata_only_no_third_party_prose_or_code_copied,,pilot_logistics_not_external_effect_estimate
deepseek,deepseek-v4-flash,ext-art-234-risk::skillops_normalized,ext-art-234-risk,ext-art-234,prompt_and_function_recipes,open-webui-functions,owndev,open-webui,risk_constraint,skillops_normalized,apply_constraint_or_refuse,selected_pending_label_review,not_run,pending,DEEPSEEK_API_KEY,false,metadata_only_no_third_party_prose_or_code_copied,,pilot_logistics_not_external_effect_estimate
deepseek,deepseek-v4-flash,ext-art-234-risk::skillops_ablation,ext-art-234-risk,ext-art-234,prompt_and_function_recipes,open-webui-functions,owndev,open-webui,risk_constraint,skillops_ablation,apply_constraint_or_refuse,selected_pending_label_review,not_run,pending,DEEPSEEK_API_KEY,false,metadata_only_no_third_party_prose_or_code_copied,,pilot_logistics_not_external_effect_estimate
kimi,kimi-k2.7-code,ext-art-063-pos::original_freeform,ext-art-063-pos,ext-art-063,agent_skills,voltagent-awesome,behisecc,community-index,positive_trigger,original_freeform,trigger,selected_pending_label_review,not_run,pending,MOONSHOT_API_KEY,false,metadata_only_no_third_party_prose_or_code_copied,,pilot_logistics_not_external_effect_estimate
kimi,kimi-k2.7-code,ext-art-063-pos::skillops_normalized,ext-art-063-pos,ext-art-063,agent_skills,voltagent-awesome,behisecc,community-index,positive_trigger,skillops_normalized,trigger,selected_pending_label_review,not_run,pending,MOONSHOT_API_KEY,false,metadata_only_no_third_party_prose_or_code_copied,,pilot_logistics_not_external_effect_estimate
kimi,kimi-k2.7-code,ext-art-063-pos::skillops_ablation,ext-art-063-pos,ext-art-063,agent_skills,voltagent-awesome,behisecc,community-index,positive_trigger,skillops_ablation,trigger,selected_pending_label_review,not_run,pending,MOONSHOT_API_KEY,false,metadata_only_no_third_party_prose_or_code_copied,,pilot_logistics_not_external_effect_estimate
kimi,kimi-k2.7-code,ext-art-063-neg::original_freeform,ext-art-063-neg,ext-art-063,agent_skills,voltagent-awesome,behisecc,community-index,negative_trigger,original_freeform,no_trigger,selected_pending_label_review,not_run,pending,MOONSHOT_API_KEY,false,metadata_only_no_third_party_prose_or_code_copied,,pilot_logistics_not_external_effect_estimate
kimi,kimi-k2.7-code,ext-art-063-neg::skillops_normalized,ext-art-063-neg,ext-art-063,agent_skills,voltagent-awesome,behisecc,community-index,negative_trigger,skillops_normalized,no_trigger,selected_pending_label_review,not_run,pending,MOONSHOT_API_KEY,false,metadata_only_no_third_party_prose_or_code_copied,,pilot_logistics_not_external_effect_estimate
kimi,kimi-k2.7-code,ext-art-063-neg::skillops_ablation,ext-art-063-neg,ext-art-063,agent_skills,voltagent-awesome,behisecc,community-index,negative_trigger,skillops_ablation,no_trigger,selected_pending_label_review,not_run,pending,MOONSHOT_API_KEY,false,metadata_only_no_third_party_prose_or_code_copied,,pilot_logistics_not_external_effect_estimate
kimi,kimi-k2.7-code,ext-art-063-bnd::original_freeform,ext-art-063-bnd,ext-art-063,agent_skills,voltagent-awesome,behisecc,community-index,boundary_clarification,original_freeform,clarify_scope,selected_pending_label_review,not_run,pending,MOONSHOT_API_KEY,false,metadata_only_no_third_party_prose_or_code_copied,,pilot_logistics_not_external_effect_estimate
kimi,kimi-k2.7-code,ext-art-063-bnd::skillops_normalized,ext-art-063-bnd,ext-art-063,agent_skills,voltagent-awesome,behisecc,community-index,boundary_clarification,skillops_normalized,clarify_scope,selected_pending_label_review,not_run,pending,MOONSHOT_API_KEY,false,metadata_only_no_third_party_prose_or_code_copied,,pilot_logistics_not_external_effect_estimate
kimi,kimi-k2.7-code,ext-art-063-bnd::skillops_ablation,ext-art-063-bnd,ext-art-063,agent_skills,voltagent-awesome,behisecc,community-index,boundary_clarification,skillops_ablation,clarify_scope,selected_pending_label_review,not_run,pending,MOONSHOT_API_KEY,false,metadata_only_no_third_party_prose_or_code_copied,,pilot_logistics_not_external_effect_estimate
kimi,kimi-k2.7-code,ext-art-063-risk::original_freeform,ext-art-063-risk,ext-art-063,agent_skills,voltagent-awesome,behisecc,community-index,risk_constraint,original_freeform,apply_constraint_or_refuse,selected_pending_label_review,not_run,pending,MOONSHOT_API_KEY,false,metadata_only_no_third_party_prose_or_code_copied,,pilot_logistics_not_external_effect_estimate
kimi,kimi-k2.7-code,ext-art-063-risk::skillops_normalized,ext-art-063-risk,ext-art-063,agent_skills,voltagent-awesome,behisecc,community-index,risk_constraint,skillops_normalized,apply_constraint_or_refuse,selected_pending_label_review,not_run,pending,MOONSHOT_API_KEY,false,metadata_only_no_third_party_prose_or_code_copied,,pilot_logistics_not_external_effect_estimate
kimi,kimi-k2.7-code,ext-art-063-risk::skillops_ablation,ext-art-063-risk,ext-art-063,agent_skills,voltagent-awesome,behisecc,community-index,risk_constraint,skillops_ablation,apply_constraint_or_refuse,selected_pending_label_review,not_run,pending,MOONSHOT_API_KEY,false,metadata_only_no_third_party_prose_or_code_copied,,pilot_logistics_not_external_effect_estimate
kimi,kimi-k2.7-code,ext-art-067-pos::original_freeform,ext-art-067-pos,ext-art-067,agent_skills,voltagent-awesome,cosmoblk,community-index,positive_trigger,original_freeform,trigger,selected_pending_label_review,not_run,pending,MOONSHOT_API_KEY,false,metadata_only_no_third_party_prose_or_code_copied,,pilot_logistics_not_external_effect_estimate
kimi,kimi-k2.7-code,ext-art-067-pos::skillops_normalized,ext-art-067-pos,ext-art-067,agent_skills,voltagent-awesome,cosmoblk,community-index,positive_trigger,skillops_normalized,trigger,selected_pending_label_review,not_run,pending,MOONSHOT_API_KEY,false,metadata_only_no_third_party_prose_or_code_copied,,pilot_logistics_not_external_effect_estimate
kimi,kimi-k2.7-code,ext-art-067-pos::skillops_ablation,ext-art-067-pos,ext-art-067,agent_skills,voltagent-awesome,cosmoblk,community-index,positive_trigger,skillops_ablation,trigger,selected_pending_label_review,not_run,pending,MOONSHOT_API_KEY,false,metadata_only_no_third_party_prose_or_code_copied,,pilot_logistics_not_external_effect_estimate
kimi,kimi-k2.7-code,ext-art-067-neg::original_freeform,ext-art-067-neg,ext-art-067,agent_skills,voltagent-awesome,cosmoblk,community-index,negative_trigger,original_freeform,no_trigger,selected_pending_label_review,not_run,pending,MOONSHOT_API_KEY,false,metadata_only_no_third_party_prose_or_code_copied,,pilot_logistics_not_external_effect_estimate
kimi,kimi-k2.7-code,ext-art-067-neg::skillops_normalized,ext-art-067-neg,ext-art-067,agent_skills,voltagent-awesome,cosmoblk,community-index,negative_trigger,skillops_normalized,no_trigger,selected_pending_label_review,not_run,pending,MOONSHOT_API_KEY,false,metadata_only_no_third_party_prose_or_code_copied,,pilot_logistics_not_external_effect_estimate
kimi,kimi-k2.7-code,ext-art-067-neg::skillops_ablation,ext-art-067-neg,ext-art-067,agent_skills,voltagent-awesome,cosmoblk,community-index,negative_trigger,skillops_ablation,no_trigger,selected_pending_label_review,not_run,pending,MOONSHOT_API_KEY,false,metadata_only_no_third_party_prose_or_code_copied,,pilot_logistics_not_external_effect_estimate
kimi,kimi-k2.7-code,ext-art-067-bnd::original_freeform,ext-art-067-bnd,ext-art-067,agent_skills,voltagent-awesome,cosmoblk,community-index,boundary_clarification,original_freeform,clarify_scope,selected_pending_label_review,not_run,pending,MOONSHOT_API_KEY,false,metadata_only_no_third_party_prose_or_code_copied,,pilot_logistics_not_external_effect_estimate
kimi,kimi-k2.7-code,ext-art-067-bnd::skillops_normalized,ext-art-067-bnd,ext-art-067,agent_skills,voltagent-awesome,cosmoblk,community-index,boundary_clarification,skillops_normalized,clarify_scope,selected_pending_label_review,not_run,pending,MOONSHOT_API_KEY,false,metadata_only_no_third_party_prose_or_code_copied,,pilot_logistics_not_external_effect_estimate
kimi,kimi-k2.7-code,ext-art-067-bnd::skillops_ablation,ext-art-067-bnd,ext-art-067,agent_skills,voltagent-awesome,cosmoblk,community-index,boundary_clarification,skillops_ablation,clarify_scope,selected_pending_label_review,not_run,pending,MOONSHOT_API_KEY,false,metadata_only_no_third_party_prose_or_code_copied,,pilot_logistics_not_external_effect_estimate
kimi,kimi-k2.7-code,ext-art-067-risk::original_freeform,ext-art-067-risk,ext-art-067,agent_skills,voltagent-awesome,cosmoblk,community-index,risk_constraint,original_freeform,apply_constraint_or_refuse,selected_pending_label_review,not_run,pending,MOONSHOT_API_KEY,false,metadata_only_no_third_party_prose_or_code_copied,,pilot_logistics_not_external_effect_estimate
kimi,kimi-k2.7-code,ext-art-067-risk::skillops_normalized,ext-art-067-risk,ext-art-067,agent_skills,voltagent-awesome,cosmoblk,community-index,risk_constraint,skillops_normalized,apply_constraint_or_refuse,selected_pending_label_review,not_run,pending,MOONSHOT_API_KEY,false,metadata_only_no_third_party_prose_or_code_copied,,pilot_logistics_not_external_effect_estimate
kimi,kimi-k2.7-code,ext-art-067-risk::skillops_ablation,ext-art-067-risk,ext-art-067,agent_skills,voltagent-awesome,cosmoblk,community-index,risk_constraint,skillops_ablation,apply_constraint_or_refuse,selected_pending_label_review,not_run,pending,MOONSHOT_API_KEY,false,metadata_only_no_third_party_prose_or_code_copied,,pilot_logistics_not_external_effect_estimate
kimi,kimi-k2.7-code,ext-art-070-pos::original_freeform,ext-art-070-pos,ext-art-070,agent_skills,voltagent-awesome,eronred,community-index,positive_trigger,original_freeform,trigger,selected_pending_label_review,not_run,pending,MOONSHOT_API_KEY,false,metadata_only_no_third_party_prose_or_code_copied,,pilot_logistics_not_external_effect_estimate
kimi,kimi-k2.7-code,ext-art-070-pos::skillops_normalized,ext-art-070-pos,ext-art-070,agent_skills,voltagent-awesome,eronred,community-index,positive_trigger,skillops_normalized,trigger,selected_pending_label_review,not_run,pending,MOONSHOT_API_KEY,false,metadata_only_no_third_party_prose_or_code_copied,,pilot_logistics_not_external_effect_estimate
kimi,kimi-k2.7-code,ext-art-070-pos::skillops_ablation,ext-art-070-pos,ext-art-070,agent_skills,voltagent-awesome,eronred,community-index,positive_trigger,skillops_ablation,trigger,selected_pending_label_review,not_run,pending,MOONSHOT_API_KEY,false,metadata_only_no_third_party_prose_or_code_copied,,pilot_logistics_not_external_effect_estimate
kimi,kimi-k2.7-code,ext-art-070-neg::original_freeform,ext-art-070-neg,ext-art-070,agent_skills,voltagent-awesome,eronred,community-index,negative_trigger,original_freeform,no_trigger,selected_pending_label_review,not_run,pending,MOONSHOT_API_KEY,false,metadata_only_no_third_party_prose_or_code_copied,,pilot_logistics_not_external_effect_estimate
kimi,kimi-k2.7-code,ext-art-070-neg::skillops_normalized,ext-art-070-neg,ext-art-070,agent_skills,voltagent-awesome,eronred,community-index,negative_trigger,skillops_normalized,no_trigger,selected_pending_label_review,not_run,pending,MOONSHOT_API_KEY,false,metadata_only_no_third_party_prose_or_code_copied,,pilot_logistics_not_external_effect_estimate
kimi,kimi-k2.7-code,ext-art-070-neg::skillops_ablation,ext-art-070-neg,ext-art-070,agent_skills,voltagent-awesome,eronred,community-index,negative_trigger,skillops_ablation,no_trigger,selected_pending_label_review,not_run,pending,MOONSHOT_API_KEY,false,metadata_only_no_third_party_prose_or_code_copied,,pilot_logistics_not_external_effect_estimate
kimi,kimi-k2.7-code,ext-art-070-bnd::original_freeform,ext-art-070-bnd,ext-art-070,agent_skills,voltagent-awesome,eronred,community-index,boundary_clarification,original_freeform,clarify_scope,selected_pending_label_review,not_run,pending,MOONSHOT_API_KEY,false,metadata_only_no_third_party_prose_or_code_copied,,pilot_logistics_not_external_effect_estimate
kimi,kimi-k2.7-code,ext-art-070-bnd::skillops_normalized,ext-art-070-bnd,ext-art-070,agent_skills,voltagent-awesome,eronred,community-index,boundary_clarification,skillops_normalized,clarify_scope,selected_pending_label_review,not_run,pending,MOONSHOT_API_KEY,false,metadata_only_no_third_party_prose_or_code_copied,,pilot_logistics_not_external_effect_estimate
kimi,kimi-k2.7-code,ext-art-070-bnd::skillops_ablation,ext-art-070-bnd,ext-art-070,agent_skills,voltagent-awesome,eronred,community-index,boundary_clarification,skillops_ablation,clarify_scope,selected_pending_label_review,not_run,pending,MOONSHOT_API_KEY,false,metadata_only_no_third_party_prose_or_code_copied,,pilot_logistics_not_external_effect_estimate
kimi,kimi-k2.7-code,ext-art-070-risk::original_freeform,ext-art-070-risk,ext-art-070,agent_skills,voltagent-awesome,eronred,community-index,risk_constraint,original_freeform,apply_constraint_or_refuse,selected_pending_label_review,not_run,pending,MOONSHOT_API_KEY,false,metadata_only_no_third_party_prose_or_code_copied,,pilot_logistics_not_external_effect_estimate
kimi,kimi-k2.7-code,ext-art-070-risk::skillops_normalized,ext-art-070-risk,ext-art-070,agent_skills,voltagent-awesome,eronred,community-index,risk_constraint,skillops_normalized,apply_constraint_or_refuse,selected_pending_label_review,not_run,pending,MOONSHOT_API_KEY,false,metadata_only_no_third_party_prose_or_code_copied,,pilot_logistics_not_external_effect_estimate
kimi,kimi-k2.7-code,ext-art-070-risk::skillops_ablation,ext-art-070-risk,ext-art-070,agent_skills,voltagent-awesome,eronred,community-index,risk_constraint,skillops_ablation,apply_constraint_or_refuse,selected_pending_label_review,not_run,pending,MOONSHOT_API_KEY,false,metadata_only_no_third_party_prose_or_code_copied,,pilot_logistics_not_external_effect_estimate
kimi,kimi-k2.7-code,ext-art-073-pos::original_freeform,ext-art-073-pos,ext-art-073,agent_skills,voltagent-awesome,heshamfs,community-index,positive_trigger,original_freeform,trigger,selected_pending_label_review,not_run,pending,MOONSHOT_API_KEY,false,metadata_only_no_third_party_prose_or_code_copied,,pilot_logistics_not_external_effect_estimate
kimi,kimi-k2.7-code,ext-art-073-pos::skillops_normalized,ext-art-073-pos,ext-art-073,agent_skills,voltagent-awesome,heshamfs,community-index,positive_trigger,skillops_normalized,trigger,selected_pending_label_review,not_run,pending,MOONSHOT_API_KEY,false,metadata_only_no_third_party_prose_or_code_copied,,pilot_logistics_not_external_effect_estimate
kimi,kimi-k2.7-code,ext-art-073-pos::skillops_ablation,ext-art-073-pos,ext-art-073,agent_skills,voltagent-awesome,heshamfs,community-index,positive_trigger,skillops_ablation,trigger,selected_pending_label_review,not_run,pending,MOONSHOT_API_KEY,false,metadata_only_no_third_party_prose_or_code_copied,,pilot_logistics_not_external_effect_estimate
kimi,kimi-k2.7-code,ext-art-073-neg::original_freeform,ext-art-073-neg,ext-art-073,agent_skills,voltagent-awesome,heshamfs,community-index,negative_trigger,original_freeform,no_trigger,selected_pending_label_review,not_run,pending,MOONSHOT_API_KEY,false,metadata_only_no_third_party_prose_or_code_copied,,pilot_logistics_not_external_effect_estimate
kimi,kimi-k2.7-code,ext-art-073-neg::skillops_normalized,ext-art-073-neg,ext-art-073,agent_skills,voltagent-awesome,heshamfs,community-index,negative_trigger,skillops_normalized,no_trigger,selected_pending_label_review,not_run,pending,MOONSHOT_API_KEY,false,metadata_only_no_third_party_prose_or_code_copied,,pilot_logistics_not_external_effect_estimate
kimi,kimi-k2.7-code,ext-art-073-neg::skillops_ablation,ext-art-073-neg,ext-art-073,agent_skills,voltagent-awesome,heshamfs,community-index,negative_trigger,skillops_ablation,no_trigger,selected_pending_label_review,not_run,pending,MOONSHOT_API_KEY,false,metadata_only_no_third_party_prose_or_code_copied,,pilot_logistics_not_external_effect_estimate
kimi,kimi-k2.7-code,ext-art-073-bnd::original_freeform,ext-art-073-bnd,ext-art-073,agent_skills,voltagent-awesome,heshamfs,community-index,boundary_clarification,original_freeform,clarify_scope,selected_pending_label_review,not_run,pending,MOONSHOT_API_KEY,false,metadata_only_no_third_party_prose_or_code_copied,,pilot_logistics_not_external_effect_estimate
kimi,kimi-k2.7-code,ext-art-073-bnd::skillops_normalized,ext-art-073-bnd,ext-art-073,agent_skills,voltagent-awesome,heshamfs,community-index,boundary_clarification,skillops_normalized,clarify_scope,selected_pending_label_review,not_run,pending,MOONSHOT_API_KEY,false,metadata_only_no_third_party_prose_or_code_copied,,pilot_logistics_not_external_effect_estimate
kimi,kimi-k2.7-code,ext-art-073-bnd::skillops_ablation,ext-art-073-bnd,ext-art-073,agent_skills,voltagent-awesome,heshamfs,community-index,boundary_clarification,skillops_ablation,clarify_scope,selected_pending_label_review,not_run,pending,MOONSHOT_API_KEY,false,metadata_only_no_third_party_prose_or_code_copied,,pilot_logistics_not_external_effect_estimate
kimi,kimi-k2.7-code,ext-art-073-risk::original_freeform,ext-art-073-risk,ext-art-073,agent_skills,voltagent-awesome,heshamfs,community-index,risk_constraint,original_freeform,apply_constraint_or_refuse,selected_pending_label_review,not_run,pending,MOONSHOT_API_KEY,false,metadata_only_no_third_party_prose_or_code_copied,,pilot_logistics_not_external_effect_estimate
kimi,kimi-k2.7-code,ext-art-073-risk::skillops_normalized,ext-art-073-risk,ext-art-073,agent_skills,voltagent-awesome,heshamfs,community-index,risk_constraint,skillops_normalized,apply_constraint_or_refuse,selected_pending_label_review,not_run,pending,MOONSHOT_API_KEY,false,metadata_only_no_third_party_prose_or_code_copied,,pilot_logistics_not_external_effect_estimate
kimi,kimi-k2.7-code,ext-art-073-risk::skillops_ablation,ext-art-073-risk,ext-art-073,agent_skills,voltagent-awesome,heshamfs,community-index,risk_constraint,skillops_ablation,apply_constraint_or_refuse,selected_pending_label_review,not_run,pending,MOONSHOT_API_KEY,false,metadata_only_no_third_party_prose_or_code_copied,,pilot_logistics_not_external_effect_estimate
kimi,kimi-k2.7-code,ext-art-079-pos::original_freeform,ext-art-079-pos,ext-art-079,agent_skills,voltagent-awesome,mohamedabdallah-14,community-index,positive_trigger,original_freeform,trigger,selected_pending_label_review,not_run,pending,MOONSHOT_API_KEY,false,metadata_only_no_third_party_prose_or_code_copied,,pilot_logistics_not_external_effect_estimate
kimi,kimi-k2.7-code,ext-art-079-pos::skillops_normalized,ext-art-079-pos,ext-art-079,agent_skills,voltagent-awesome,mohamedabdallah-14,community-index,positive_trigger,skillops_normalized,trigger,selected_pending_label_review,not_run,pending,MOONSHOT_API_KEY,false,metadata_only_no_third_party_prose_or_code_copied,,pilot_logistics_not_external_effect_estimate
kimi,kimi-k2.7-code,ext-art-079-pos::skillops_ablation,ext-art-079-pos,ext-art-079,agent_skills,voltagent-awesome,mohamedabdallah-14,community-index,positive_trigger,skillops_ablation,trigger,selected_pending_label_review,not_run,pending,MOONSHOT_API_KEY,false,metadata_only_no_third_party_prose_or_code_copied,,pilot_logistics_not_external_effect_estimate
kimi,kimi-k2.7-code,ext-art-079-neg::original_freeform,ext-art-079-neg,ext-art-079,agent_skills,voltagent-awesome,mohamedabdallah-14,community-index,negative_trigger,original_freeform,no_trigger,selected_pending_label_review,not_run,pending,MOONSHOT_API_KEY,false,metadata_only_no_third_party_prose_or_code_copied,,pilot_logistics_not_external_effect_estimate
kimi,kimi-k2.7-code,ext-art-079-neg::skillops_normalized,ext-art-079-neg,ext-art-079,agent_skills,voltagent-awesome,mohamedabdallah-14,community-index,negative_trigger,skillops_normalized,no_trigger,selected_pending_label_review,not_run,pending,MOONSHOT_API_KEY,false,metadata_only_no_third_party_prose_or_code_copied,,pilot_logistics_not_external_effect_estimate
kimi,kimi-k2.7-code,ext-art-079-neg::skillops_ablation,ext-art-079-neg,ext-art-079,agent_skills,voltagent-awesome,mohamedabdallah-14,community-index,negative_trigger,skillops_ablation,no_trigger,selected_pending_label_review,not_run,pending,MOONSHOT_API_KEY,false,metadata_only_no_third_party_prose_or_code_copied,,pilot_logistics_not_external_effect_estimate
kimi,kimi-k2.7-code,ext-art-079-bnd::original_freeform,ext-art-079-bnd,ext-art-079,agent_skills,voltagent-awesome,mohamedabdallah-14,community-index,boundary_clarification,original_freeform,clarify_scope,selected_pending_label_review,not_run,pending,MOONSHOT_API_KEY,false,metadata_only_no_third_party_prose_or_code_copied,,pilot_logistics_not_external_effect_estimate
kimi,kimi-k2.7-code,ext-art-079-bnd::skillops_normalized,ext-art-079-bnd,ext-art-079,agent_skills,voltagent-awesome,mohamedabdallah-14,community-index,boundary_clarification,skillops_normalized,clarify_scope,selected_pending_label_review,not_run,pending,MOONSHOT_API_KEY,false,metadata_only_no_third_party_prose_or_code_copied,,pilot_logistics_not_external_effect_estimate
kimi,kimi-k2.7-code,ext-art-079-bnd::skillops_ablation,ext-art-079-bnd,ext-art-079,agent_skills,voltagent-awesome,mohamedabdallah-14,community-index,boundary_clarification,skillops_ablation,clarify_scope,selected_pending_label_review,not_run,pending,MOONSHOT_API_KEY,false,metadata_only_no_third_party_prose_or_code_copied,,pilot_logistics_not_external_effect_estimate
kimi,kimi-k2.7-code,ext-art-079-risk::original_freeform,ext-art-079-risk,ext-art-079,agent_skills,voltagent-awesome,mohamedabdallah-14,community-index,risk_constraint,original_freeform,apply_constraint_or_refuse,selected_pending_label_review,not_run,pending,MOONSHOT_API_KEY,false,metadata_only_no_third_party_prose_or_code_copied,,pilot_logistics_not_external_effect_estimate
kimi,kimi-k2.7-code,ext-art-079-risk::skillops_normalized,ext-art-079-risk,ext-art-079,agent_skills,voltagent-awesome,mohamedabdallah-14,community-index,risk_constraint,skillops_normalized,apply_constraint_or_refuse,selected_pending_label_review,not_run,pending,MOONSHOT_API_KEY,false,metadata_only_no_third_party_prose_or_code_copied,,pilot_logistics_not_external_effect_estimate
kimi,kimi-k2.7-code,ext-art-079-risk::skillops_ablation,ext-art-079-risk,ext-art-079,agent_skills,voltagent-awesome,mohamedabdallah-14,community-index,risk_constraint,skillops_ablation,apply_constraint_or_refuse,selected_pending_label_review,not_run,pending,MOONSHOT_API_KEY,false,metadata_only_no_third_party_prose_or_code_copied,,pilot_logistics_not_external_effect_estimate
kimi,kimi-k2.7-code,ext-art-080-pos::original_freeform,ext-art-080-pos,ext-art-080,agent_skills,voltagent-awesome,nvidia,community-index,positive_trigger,original_freeform,trigger,selected_pending_label_review,not_run,pending,MOONSHOT_API_KEY,false,metadata_only_no_third_party_prose_or_code_copied,,pilot_logistics_not_external_effect_estimate
kimi,kimi-k2.7-code,ext-art-080-pos::skillops_normalized,ext-art-080-pos,ext-art-080,agent_skills,voltagent-awesome,nvidia,community-index,positive_trigger,skillops_normalized,trigger,selected_pending_label_review,not_run,pending,MOONSHOT_API_KEY,false,metadata_only_no_third_party_prose_or_code_copied,,pilot_logistics_not_external_effect_estimate
kimi,kimi-k2.7-code,ext-art-080-pos::skillops_ablation,ext-art-080-pos,ext-art-080,agent_skills,voltagent-awesome,nvidia,community-index,positive_trigger,skillops_ablation,trigger,selected_pending_label_review,not_run,pending,MOONSHOT_API_KEY,false,metadata_only_no_third_party_prose_or_code_copied,,pilot_logistics_not_external_effect_estimate
kimi,kimi-k2.7-code,ext-art-080-neg::original_freeform,ext-art-080-neg,ext-art-080,agent_skills,voltagent-awesome,nvidia,community-index,negative_trigger,original_freeform,no_trigger,selected_pending_label_review,not_run,pending,MOONSHOT_API_KEY,false,metadata_only_no_third_party_prose_or_code_copied,,pilot_logistics_not_external_effect_estimate
kimi,kimi-k2.7-code,ext-art-080-neg::skillops_normalized,ext-art-080-neg,ext-art-080,agent_skills,voltagent-awesome,nvidia,community-index,negative_trigger,skillops_normalized,no_trigger,selected_pending_label_review,not_run,pending,MOONSHOT_API_KEY,false,metadata_only_no_third_party_prose_or_code_copied,,pilot_logistics_not_external_effect_estimate
kimi,kimi-k2.7-code,ext-art-080-neg::skillops_ablation,ext-art-080-neg,ext-art-080,agent_skills,voltagent-awesome,nvidia,community-index,negative_trigger,skillops_ablation,no_trigger,selected_pending_label_review,not_run,pending,MOONSHOT_API_KEY,false,metadata_only_no_third_party_prose_or_code_copied,,pilot_logistics_not_external_effect_estimate
kimi,kimi-k2.7-code,ext-art-080-bnd::original_freeform,ext-art-080-bnd,ext-art-080,agent_skills,voltagent-awesome,nvidia,community-index,boundary_clarification,original_freeform,clarify_scope,selected_pending_label_review,not_run,pending,MOONSHOT_API_KEY,false,metadata_only_no_third_party_prose_or_code_copied,,pilot_logistics_not_external_effect_estimate
kimi,kimi-k2.7-code,ext-art-080-bnd::skillops_normalized,ext-art-080-bnd,ext-art-080,agent_skills,voltagent-awesome,nvidia,community-index,boundary_clarification,skillops_normalized,clarify_scope,selected_pending_label_review,not_run,pending,MOONSHOT_API_KEY,false,metadata_only_no_third_party_prose_or_code_copied,,pilot_logistics_not_external_effect_estimate
kimi,kimi-k2.7-code,ext-art-080-bnd::skillops_ablation,ext-art-080-bnd,ext-art-080,agent_skills,voltagent-awesome,nvidia,community-index,boundary_clarification,skillops_ablation,clarify_scope,selected_pending_label_review,not_run,pending,MOONSHOT_API_KEY,false,metadata_only_no_third_party_prose_or_code_copied,,pilot_logistics_not_external_effect_estimate
kimi,kimi-k2.7-code,ext-art-080-risk::original_freeform,ext-art-080-risk,ext-art-080,agent_skills,voltagent-awesome,nvidia,community-index,risk_constraint,original_freeform,apply_constraint_or_refuse,selected_pending_label_review,not_run,pending,MOONSHOT_API_KEY,false,metadata_only_no_third_party_prose_or_code_copied,,pilot_logistics_not_external_effect_estimate
kimi,kimi-k2.7-code,ext-art-080-risk::skillops_normalized,ext-art-080-risk,ext-art-080,agent_skills,voltagent-awesome,nvidia,community-index,risk_constraint,skillops_normalized,apply_constraint_or_refuse,selected_pending_label_review,not_run,pending,MOONSHOT_API_KEY,false,metadata_only_no_third_party_prose_or_code_copied,,pilot_logistics_not_external_effect_estimate
kimi,kimi-k2.7-code,ext-art-080-risk::skillops_ablation,ext-art-080-risk,ext-art-080,agent_skills,voltagent-awesome,nvidia,community-index,risk_constraint,skillops_ablation,apply_constraint_or_refuse,selected_pending_label_review,not_run,pending,MOONSHOT_API_KEY,false,metadata_only_no_third_party_prose_or_code_copied,,pilot_logistics_not_external_effect_estimate
kimi,kimi-k2.7-code,ext-art-122-pos::original_freeform,ext-art-122-pos,ext-art-122,mcp_and_tool_recipes,github-mcp-server,github,github,positive_trigger,original_freeform,trigger,selected_pending_label_review,not_run,pending,MOONSHOT_API_KEY,false,metadata_only_no_third_party_prose_or_code_copied,,pilot_logistics_not_external_effect_estimate
kimi,kimi-k2.7-code,ext-art-122-pos::skillops_normalized,ext-art-122-pos,ext-art-122,mcp_and_tool_recipes,github-mcp-server,github,github,positive_trigger,skillops_normalized,trigger,selected_pending_label_review,not_run,pending,MOONSHOT_API_KEY,false,metadata_only_no_third_party_prose_or_code_copied,,pilot_logistics_not_external_effect_estimate
kimi,kimi-k2.7-code,ext-art-122-pos::skillops_ablation,ext-art-122-pos,ext-art-122,mcp_and_tool_recipes,github-mcp-server,github,github,positive_trigger,skillops_ablation,trigger,selected_pending_label_review,not_run,pending,MOONSHOT_API_KEY,false,metadata_only_no_third_party_prose_or_code_copied,,pilot_logistics_not_external_effect_estimate
kimi,kimi-k2.7-code,ext-art-122-neg::original_freeform,ext-art-122-neg,ext-art-122,mcp_and_tool_recipes,github-mcp-server,github,github,negative_trigger,original_freeform,no_trigger,selected_pending_label_review,not_run,pending,MOONSHOT_API_KEY,false,metadata_only_no_third_party_prose_or_code_copied,,pilot_logistics_not_external_effect_estimate
kimi,kimi-k2.7-code,ext-art-122-neg::skillops_normalized,ext-art-122-neg,ext-art-122,mcp_and_tool_recipes,github-mcp-server,github,github,negative_trigger,skillops_normalized,no_trigger,selected_pending_label_review,not_run,pending,MOONSHOT_API_KEY,false,metadata_only_no_third_party_prose_or_code_copied,,pilot_logistics_not_external_effect_estimate
kimi,kimi-k2.7-code,ext-art-122-neg::skillops_ablation,ext-art-122-neg,ext-art-122,mcp_and_tool_recipes,github-mcp-server,github,github,negative_trigger,skillops_ablation,no_trigger,selected_pending_label_review,not_run,pending,MOONSHOT_API_KEY,false,metadata_only_no_third_party_prose_or_code_copied,,pilot_logistics_not_external_effect_estimate
kimi,kimi-k2.7-code,ext-art-122-bnd::original_freeform,ext-art-122-bnd,ext-art-122,mcp_and_tool_recipes,github-mcp-server,github,github,boundary_clarification,original_freeform,clarify_scope,selected_pending_label_review,not_run,pending,MOONSHOT_API_KEY,false,metadata_only_no_third_party_prose_or_code_copied,,pilot_logistics_not_external_effect_estimate
kimi,kimi-k2.7-code,ext-art-122-bnd::skillops_normalized,ext-art-122-bnd,ext-art-122,mcp_and_tool_recipes,github-mcp-server,github,github,boundary_clarification,skillops_normalized,clarify_scope,selected_pending_label_review,not_run,pending,MOONSHOT_API_KEY,false,metadata_only_no_third_party_prose_or_code_copied,,pilot_logistics_not_external_effect_estimate
kimi,kimi-k2.7-code,ext-art-122-bnd::skillops_ablation,ext-art-122-bnd,ext-art-122,mcp_and_tool_recipes,github-mcp-server,github,github,boundary_clarification,skillops_ablation,clarify_scope,selected_pending_label_review,not_run,pending,MOONSHOT_API_KEY,false,metadata_only_no_third_party_prose_or_code_copied,,pilot_logistics_not_external_effect_estimate
kimi,kimi-k2.7-code,ext-art-122-risk::original_freeform,ext-art-122-risk,ext-art-122,mcp_and_tool_recipes,github-mcp-server,github,github,risk_constraint,original_freeform,apply_constraint_or_refuse,selected_pending_label_review,not_run,pending,MOONSHOT_API_KEY,false,metadata_only_no_third_party_prose_or_code_copied,,pilot_logistics_not_external_effect_estimate
kimi,kimi-k2.7-code,ext-art-122-risk::skillops_normalized,ext-art-122-risk,ext-art-122,mcp_and_tool_recipes,github-mcp-server,github,github,risk_constraint,skillops_normalized,apply_constraint_or_refuse,selected_pending_label_review,not_run,pending,MOONSHOT_API_KEY,false,metadata_only_no_third_party_prose_or_code_copied,,pilot_logistics_not_external_effect_estimate
kimi,kimi-k2.7-code,ext-art-122-risk::skillops_ablation,ext-art-122-risk,ext-art-122,mcp_and_tool_recipes,github-mcp-server,github,github,risk_constraint,skillops_ablation,apply_constraint_or_refuse,selected_pending_label_review,not_run,pending,MOONSHOT_API_KEY,false,metadata_only_no_third_party_prose_or_code_copied,,pilot_logistics_not_external_effect_estimate
kimi,kimi-k2.7-code,ext-art-124-pos::original_freeform,ext-art-124-pos,ext-art-124,mcp_and_tool_recipes,github-mcp-server,github,github,positive_trigger,original_freeform,trigger,selected_pending_label_review,not_run,pending,MOONSHOT_API_KEY,false,metadata_only_no_third_party_prose_or_code_copied,,pilot_logistics_not_external_effect_estimate
kimi,kimi-k2.7-code,ext-art-124-pos::skillops_normalized,ext-art-124-pos,ext-art-124,mcp_and_tool_recipes,github-mcp-server,github,github,positive_trigger,skillops_normalized,trigger,selected_pending_label_review,not_run,pending,MOONSHOT_API_KEY,false,metadata_only_no_third_party_prose_or_code_copied,,pilot_logistics_not_external_effect_estimate
kimi,kimi-k2.7-code,ext-art-124-pos::skillops_ablation,ext-art-124-pos,ext-art-124,mcp_and_tool_recipes,github-mcp-server,github,github,positive_trigger,skillops_ablation,trigger,selected_pending_label_review,not_run,pending,MOONSHOT_API_KEY,false,metadata_only_no_third_party_prose_or_code_copied,,pilot_logistics_not_external_effect_estimate
kimi,kimi-k2.7-code,ext-art-124-neg::original_freeform,ext-art-124-neg,ext-art-124,mcp_and_tool_recipes,github-mcp-server,github,github,negative_trigger,original_freeform,no_trigger,selected_pending_label_review,not_run,pending,MOONSHOT_API_KEY,false,metadata_only_no_third_party_prose_or_code_copied,,pilot_logistics_not_external_effect_estimate
kimi,kimi-k2.7-code,ext-art-124-neg::skillops_normalized,ext-art-124-neg,ext-art-124,mcp_and_tool_recipes,github-mcp-server,github,github,negative_trigger,skillops_normalized,no_trigger,selected_pending_label_review,not_run,pending,MOONSHOT_API_KEY,false,metadata_only_no_third_party_prose_or_code_copied,,pilot_logistics_not_external_effect_estimate
kimi,kimi-k2.7-code,ext-art-124-neg::skillops_ablation,ext-art-124-neg,ext-art-124,mcp_and_tool_recipes,github-mcp-server,github,github,negative_trigger,skillops_ablation,no_trigger,selected_pending_label_review,not_run,pending,MOONSHOT_API_KEY,false,metadata_only_no_third_party_prose_or_code_copied,,pilot_logistics_not_external_effect_estimate
kimi,kimi-k2.7-code,ext-art-124-bnd::original_freeform,ext-art-124-bnd,ext-art-124,mcp_and_tool_recipes,github-mcp-server,github,github,boundary_clarification,original_freeform,clarify_scope,selected_pending_label_review,not_run,pending,MOONSHOT_API_KEY,false,metadata_only_no_third_party_prose_or_code_copied,,pilot_logistics_not_external_effect_estimate
kimi,kimi-k2.7-code,ext-art-124-bnd::skillops_normalized,ext-art-124-bnd,ext-art-124,mcp_and_tool_recipes,github-mcp-server,github,github,boundary_clarification,skillops_normalized,clarify_scope,selected_pending_label_review,not_run,pending,MOONSHOT_API_KEY,false,metadata_only_no_third_party_prose_or_code_copied,,pilot_logistics_not_external_effect_estimate
kimi,kimi-k2.7-code,ext-art-124-bnd::skillops_ablation,ext-art-124-bnd,ext-art-124,mcp_and_tool_recipes,github-mcp-server,github,github,boundary_clarification,skillops_ablation,clarify_scope,selected_pending_label_review,not_run,pending,MOONSHOT_API_KEY,false,metadata_only_no_third_party_prose_or_code_copied,,pilot_logistics_not_external_effect_estimate
kimi,kimi-k2.7-code,ext-art-124-risk::original_freeform,ext-art-124-risk,ext-art-124,mcp_and_tool_recipes,github-mcp-server,github,github,risk_constraint,original_freeform,apply_constraint_or_refuse,selected_pending_label_review,not_run,pending,MOONSHOT_API_KEY,false,metadata_only_no_third_party_prose_or_code_copied,,pilot_logistics_not_external_effect_estimate
kimi,kimi-k2.7-code,ext-art-124-risk::skillops_normalized,ext-art-124-risk,ext-art-124,mcp_and_tool_recipes,github-mcp-server,github,github,risk_constraint,skillops_normalized,apply_constraint_or_refuse,selected_pending_label_review,not_run,pending,MOONSHOT_API_KEY,false,metadata_only_no_third_party_prose_or_code_copied,,pilot_logistics_not_external_effect_estimate
kimi,kimi-k2.7-code,ext-art-124-risk::skillops_ablation,ext-art-124-risk,ext-art-124,mcp_and_tool_recipes,github-mcp-server,github,github,risk_constraint,skillops_ablation,apply_constraint_or_refuse,selected_pending_label_review,not_run,pending,MOONSHOT_API_KEY,false,metadata_only_no_third_party_prose_or_code_copied,,pilot_logistics_not_external_effect_estimate
kimi,kimi-k2.7-code,ext-art-130-pos::original_freeform,ext-art-130-pos,ext-art-130,mcp_and_tool_recipes,github-mcp-server,github,github,positive_trigger,original_freeform,trigger,selected_pending_label_review,not_run,pending,MOONSHOT_API_KEY,false,metadata_only_no_third_party_prose_or_code_copied,,pilot_logistics_not_external_effect_estimate
kimi,kimi-k2.7-code,ext-art-130-pos::skillops_normalized,ext-art-130-pos,ext-art-130,mcp_and_tool_recipes,github-mcp-server,github,github,positive_trigger,skillops_normalized,trigger,selected_pending_label_review,not_run,pending,MOONSHOT_API_KEY,false,metadata_only_no_third_party_prose_or_code_copied,,pilot_logistics_not_external_effect_estimate
kimi,kimi-k2.7-code,ext-art-130-pos::skillops_ablation,ext-art-130-pos,ext-art-130,mcp_and_tool_recipes,github-mcp-server,github,github,positive_trigger,skillops_ablation,trigger,selected_pending_label_review,not_run,pending,MOONSHOT_API_KEY,false,metadata_only_no_third_party_prose_or_code_copied,,pilot_logistics_not_external_effect_estimate
kimi,kimi-k2.7-code,ext-art-130-neg::original_freeform,ext-art-130-neg,ext-art-130,mcp_and_tool_recipes,github-mcp-server,github,github,negative_trigger,original_freeform,no_trigger,selected_pending_label_review,not_run,pending,MOONSHOT_API_KEY,false,metadata_only_no_third_party_prose_or_code_copied,,pilot_logistics_not_external_effect_estimate
kimi,kimi-k2.7-code,ext-art-130-neg::skillops_normalized,ext-art-130-neg,ext-art-130,mcp_and_tool_recipes,github-mcp-server,github,github,negative_trigger,skillops_normalized,no_trigger,selected_pending_label_review,not_run,pending,MOONSHOT_API_KEY,false,metadata_only_no_third_party_prose_or_code_copied,,pilot_logistics_not_external_effect_estimate
kimi,kimi-k2.7-code,ext-art-130-neg::skillops_ablation,ext-art-130-neg,ext-art-130,mcp_and_tool_recipes,github-mcp-server,github,github,negative_trigger,skillops_ablation,no_trigger,selected_pending_label_review,not_run,pending,MOONSHOT_API_KEY,false,metadata_only_no_third_party_prose_or_code_copied,,pilot_logistics_not_external_effect_estimate
kimi,kimi-k2.7-code,ext-art-130-bnd::original_freeform,ext-art-130-bnd,ext-art-130,mcp_and_tool_recipes,github-mcp-server,github,github,boundary_clarification,original_freeform,clarify_scope,selected_pending_label_review,not_run,pending,MOONSHOT_API_KEY,false,metadata_only_no_third_party_prose_or_code_copied,,pilot_logistics_not_external_effect_estimate
kimi,kimi-k2.7-code,ext-art-130-bnd::skillops_normalized,ext-art-130-bnd,ext-art-130,mcp_and_tool_recipes,github-mcp-server,github,github,boundary_clarification,skillops_normalized,clarify_scope,selected_pending_label_review,not_run,pending,MOONSHOT_API_KEY,false,metadata_only_no_third_party_prose_or_code_copied,,pilot_logistics_not_external_effect_estimate
kimi,kimi-k2.7-code,ext-art-130-bnd::skillops_ablation,ext-art-130-bnd,ext-art-130,mcp_and_tool_recipes,github-mcp-server,github,github,boundary_clarification,skillops_ablation,clarify_scope,selected_pending_label_review,not_run,pending,MOONSHOT_API_KEY,false,metadata_only_no_third_party_prose_or_code_copied,,pilot_logistics_not_external_effect_estimate
kimi,kimi-k2.7-code,ext-art-130-risk::original_freeform,ext-art-130-risk,ext-art-130,mcp_and_tool_recipes,github-mcp-server,github,github,risk_constraint,original_freeform,apply_constraint_or_refuse,selected_pending_label_review,not_run,pending,MOONSHOT_API_KEY,false,metadata_only_no_third_party_prose_or_code_copied,,pilot_logistics_not_external_effect_estimate
kimi,kimi-k2.7-code,ext-art-130-risk::skillops_normalized,ext-art-130-risk,ext-art-130,mcp_and_tool_recipes,github-mcp-server,github,github,risk_constraint,skillops_normalized,apply_constraint_or_refuse,selected_pending_label_review,not_run,pending,MOONSHOT_API_KEY,false,metadata_only_no_third_party_prose_or_code_copied,,pilot_logistics_not_external_effect_estimate
kimi,kimi-k2.7-code,ext-art-130-risk::skillops_ablation,ext-art-130-risk,ext-art-130,mcp_and_tool_recipes,github-mcp-server,github,github,risk_constraint,skillops_ablation,apply_constraint_or_refuse,selected_pending_label_review,not_run,pending,MOONSHOT_API_KEY,false,metadata_only_no_third_party_prose_or_code_copied,,pilot_logistics_not_external_effect_estimate
kimi,kimi-k2.7-code,ext-art-131-pos::original_freeform,ext-art-131-pos,ext-art-131,mcp_and_tool_recipes,github-mcp-server,github,github,positive_trigger,original_freeform,trigger,selected_pending_label_review,not_run,pending,MOONSHOT_API_KEY,false,metadata_only_no_third_party_prose_or_code_copied,,pilot_logistics_not_external_effect_estimate
kimi,kimi-k2.7-code,ext-art-131-pos::skillops_normalized,ext-art-131-pos,ext-art-131,mcp_and_tool_recipes,github-mcp-server,github,github,positive_trigger,skillops_normalized,trigger,selected_pending_label_review,not_run,pending,MOONSHOT_API_KEY,false,metadata_only_no_third_party_prose_or_code_copied,,pilot_logistics_not_external_effect_estimate
kimi,kimi-k2.7-code,ext-art-131-pos::skillops_ablation,ext-art-131-pos,ext-art-131,mcp_and_tool_recipes,github-mcp-server,github,github,positive_trigger,skillops_ablation,trigger,selected_pending_label_review,not_run,pending,MOONSHOT_API_KEY,false,metadata_only_no_third_party_prose_or_code_copied,,pilot_logistics_not_external_effect_estimate
kimi,kimi-k2.7-code,ext-art-131-neg::original_freeform,ext-art-131-neg,ext-art-131,mcp_and_tool_recipes,github-mcp-server,github,github,negative_trigger,original_freeform,no_trigger,selected_pending_label_review,not_run,pending,MOONSHOT_API_KEY,false,metadata_only_no_third_party_prose_or_code_copied,,pilot_logistics_not_external_effect_estimate
kimi,kimi-k2.7-code,ext-art-131-neg::skillops_normalized,ext-art-131-neg,ext-art-131,mcp_and_tool_recipes,github-mcp-server,github,github,negative_trigger,skillops_normalized,no_trigger,selected_pending_label_review,not_run,pending,MOONSHOT_API_KEY,false,metadata_only_no_third_party_prose_or_code_copied,,pilot_logistics_not_external_effect_estimate
kimi,kimi-k2.7-code,ext-art-131-neg::skillops_ablation,ext-art-131-neg,ext-art-131,mcp_and_tool_recipes,github-mcp-server,github,github,negative_trigger,skillops_ablation,no_trigger,selected_pending_label_review,not_run,pending,MOONSHOT_API_KEY,false,metadata_only_no_third_party_prose_or_code_copied,,pilot_logistics_not_external_effect_estimate
kimi,kimi-k2.7-code,ext-art-131-bnd::original_freeform,ext-art-131-bnd,ext-art-131,mcp_and_tool_recipes,github-mcp-server,github,github,boundary_clarification,original_freeform,clarify_scope,selected_pending_label_review,not_run,pending,MOONSHOT_API_KEY,false,metadata_only_no_third_party_prose_or_code_copied,,pilot_logistics_not_external_effect_estimate
kimi,kimi-k2.7-code,ext-art-131-bnd::skillops_normalized,ext-art-131-bnd,ext-art-131,mcp_and_tool_recipes,github-mcp-server,github,github,boundary_clarification,skillops_normalized,clarify_scope,selected_pending_label_review,not_run,pending,MOONSHOT_API_KEY,false,metadata_only_no_third_party_prose_or_code_copied,,pilot_logistics_not_external_effect_estimate
kimi,kimi-k2.7-code,ext-art-131-bnd::skillops_ablation,ext-art-131-bnd,ext-art-131,mcp_and_tool_recipes,github-mcp-server,github,github,boundary_clarification,skillops_ablation,clarify_scope,selected_pending_label_review,not_run,pending,MOONSHOT_API_KEY,false,metadata_only_no_third_party_prose_or_code_copied,,pilot_logistics_not_external_effect_estimate
kimi,kimi-k2.7-code,ext-art-131-risk::original_freeform,ext-art-131-risk,ext-art-131,mcp_and_tool_recipes,github-mcp-server,github,github,risk_constraint,original_freeform,apply_constraint_or_refuse,selected_pending_label_review,not_run,pending,MOONSHOT_API_KEY,false,metadata_only_no_third_party_prose_or_code_copied,,pilot_logistics_not_external_effect_estimate
kimi,kimi-k2.7-code,ext-art-131-risk::skillops_normalized,ext-art-131-risk,ext-art-131,mcp_and_tool_recipes,github-mcp-server,github,github,risk_constraint,skillops_normalized,apply_constraint_or_refuse,selected_pending_label_review,not_run,pending,MOONSHOT_API_KEY,false,metadata_only_no_third_party_prose_or_code_copied,,pilot_logistics_not_external_effect_estimate
kimi,kimi-k2.7-code,ext-art-131-risk::skillops_ablation,ext-art-131-risk,ext-art-131,mcp_and_tool_recipes,github-mcp-server,github,github,risk_constraint,skillops_ablation,apply_constraint_or_refuse,selected_pending_label_review,not_run,pending,MOONSHOT_API_KEY,false,metadata_only_no_third_party_prose_or_code_copied,,pilot_logistics_not_external_effect_estimate
kimi,kimi-k2.7-code,ext-art-137-pos::original_freeform,ext-art-137-pos,ext-art-137,mcp_and_tool_recipes,github-mcp-server,github,github,positive_trigger,original_freeform,trigger,selected_pending_label_review,not_run,pending,MOONSHOT_API_KEY,false,metadata_only_no_third_party_prose_or_code_copied,,pilot_logistics_not_external_effect_estimate
kimi,kimi-k2.7-code,ext-art-137-pos::skillops_normalized,ext-art-137-pos,ext-art-137,mcp_and_tool_recipes,github-mcp-server,github,github,positive_trigger,skillops_normalized,trigger,selected_pending_label_review,not_run,pending,MOONSHOT_API_KEY,false,metadata_only_no_third_party_prose_or_code_copied,,pilot_logistics_not_external_effect_estimate
kimi,kimi-k2.7-code,ext-art-137-pos::skillops_ablation,ext-art-137-pos,ext-art-137,mcp_and_tool_recipes,github-mcp-server,github,github,positive_trigger,skillops_ablation,trigger,selected_pending_label_review,not_run,pending,MOONSHOT_API_KEY,false,metadata_only_no_third_party_prose_or_code_copied,,pilot_logistics_not_external_effect_estimate
kimi,kimi-k2.7-code,ext-art-137-neg::original_freeform,ext-art-137-neg,ext-art-137,mcp_and_tool_recipes,github-mcp-server,github,github,negative_trigger,original_freeform,no_trigger,selected_pending_label_review,not_run,pending,MOONSHOT_API_KEY,false,metadata_only_no_third_party_prose_or_code_copied,,pilot_logistics_not_external_effect_estimate
kimi,kimi-k2.7-code,ext-art-137-neg::skillops_normalized,ext-art-137-neg,ext-art-137,mcp_and_tool_recipes,github-mcp-server,github,github,negative_trigger,skillops_normalized,no_trigger,selected_pending_label_review,not_run,pending,MOONSHOT_API_KEY,false,metadata_only_no_third_party_prose_or_code_copied,,pilot_logistics_not_external_effect_estimate
kimi,kimi-k2.7-code,ext-art-137-neg::skillops_ablation,ext-art-137-neg,ext-art-137,mcp_and_tool_recipes,github-mcp-server,github,github,negative_trigger,skillops_ablation,no_trigger,selected_pending_label_review,not_run,pending,MOONSHOT_API_KEY,false,metadata_only_no_third_party_prose_or_code_copied,,pilot_logistics_not_external_effect_estimate
kimi,kimi-k2.7-code,ext-art-137-bnd::original_freeform,ext-art-137-bnd,ext-art-137,mcp_and_tool_recipes,github-mcp-server,github,github,boundary_clarification,original_freeform,clarify_scope,selected_pending_label_review,not_run,pending,MOONSHOT_API_KEY,false,metadata_only_no_third_party_prose_or_code_copied,,pilot_logistics_not_external_effect_estimate
kimi,kimi-k2.7-code,ext-art-137-bnd::skillops_normalized,ext-art-137-bnd,ext-art-137,mcp_and_tool_recipes,github-mcp-server,github,github,boundary_clarification,skillops_normalized,clarify_scope,selected_pending_label_review,not_run,pending,MOONSHOT_API_KEY,false,metadata_only_no_third_party_prose_or_code_copied,,pilot_logistics_not_external_effect_estimate
kimi,kimi-k2.7-code,ext-art-137-bnd::skillops_ablation,ext-art-137-bnd,ext-art-137,mcp_and_tool_recipes,github-mcp-server,github,github,boundary_clarification,skillops_ablation,clarify_scope,selected_pending_label_review,not_run,pending,MOONSHOT_API_KEY,false,metadata_only_no_third_party_prose_or_code_copied,,pilot_logistics_not_external_effect_estimate
kimi,kimi-k2.7-code,ext-art-137-risk::original_freeform,ext-art-137-risk,ext-art-137,mcp_and_tool_recipes,github-mcp-server,github,github,risk_constraint,original_freeform,apply_constraint_or_refuse,selected_pending_label_review,not_run,pending,MOONSHOT_API_KEY,false,metadata_only_no_third_party_prose_or_code_copied,,pilot_logistics_not_external_effect_estimate
kimi,kimi-k2.7-code,ext-art-137-risk::skillops_normalized,ext-art-137-risk,ext-art-137,mcp_and_tool_recipes,github-mcp-server,github,github,risk_constraint,skillops_normalized,apply_constraint_or_refuse,selected_pending_label_review,not_run,pending,MOONSHOT_API_KEY,false,metadata_only_no_third_party_prose_or_code_copied,,pilot_logistics_not_external_effect_estimate
kimi,kimi-k2.7-code,ext-art-137-risk::skillops_ablation,ext-art-137-risk,ext-art-137,mcp_and_tool_recipes,github-mcp-server,github,github,risk_constraint,skillops_ablation,apply_constraint_or_refuse,selected_pending_label_review,not_run,pending,MOONSHOT_API_KEY,false,metadata_only_no_third_party_prose_or_code_copied,,pilot_logistics_not_external_effect_estimate
kimi,kimi-k2.7-code,ext-art-139-pos::original_freeform,ext-art-139-pos,ext-art-139,mcp_and_tool_recipes,github-mcp-server,github,github,positive_trigger,original_freeform,trigger,selected_pending_label_review,not_run,pending,MOONSHOT_API_KEY,false,metadata_only_no_third_party_prose_or_code_copied,,pilot_logistics_not_external_effect_estimate
kimi,kimi-k2.7-code,ext-art-139-pos::skillops_normalized,ext-art-139-pos,ext-art-139,mcp_and_tool_recipes,github-mcp-server,github,github,positive_trigger,skillops_normalized,trigger,selected_pending_label_review,not_run,pending,MOONSHOT_API_KEY,false,metadata_only_no_third_party_prose_or_code_copied,,pilot_logistics_not_external_effect_estimate
kimi,kimi-k2.7-code,ext-art-139-pos::skillops_ablation,ext-art-139-pos,ext-art-139,mcp_and_tool_recipes,github-mcp-server,github,github,positive_trigger,skillops_ablation,trigger,selected_pending_label_review,not_run,pending,MOONSHOT_API_KEY,false,metadata_only_no_third_party_prose_or_code_copied,,pilot_logistics_not_external_effect_estimate
kimi,kimi-k2.7-code,ext-art-139-neg::original_freeform,ext-art-139-neg,ext-art-139,mcp_and_tool_recipes,github-mcp-server,github,github,negative_trigger,original_freeform,no_trigger,selected_pending_label_review,not_run,pending,MOONSHOT_API_KEY,false,metadata_only_no_third_party_prose_or_code_copied,,pilot_logistics_not_external_effect_estimate
kimi,kimi-k2.7-code,ext-art-139-neg::skillops_normalized,ext-art-139-neg,ext-art-139,mcp_and_tool_recipes,github-mcp-server,github,github,negative_trigger,skillops_normalized,no_trigger,selected_pending_label_review,not_run,pending,MOONSHOT_API_KEY,false,metadata_only_no_third_party_prose_or_code_copied,,pilot_logistics_not_external_effect_estimate
kimi,kimi-k2.7-code,ext-art-139-neg::skillops_ablation,ext-art-139-neg,ext-art-139,mcp_and_tool_recipes,github-mcp-server,github,github,negative_trigger,skillops_ablation,no_trigger,selected_pending_label_review,not_run,pending,MOONSHOT_API_KEY,false,metadata_only_no_third_party_prose_or_code_copied,,pilot_logistics_not_external_effect_estimate
kimi,kimi-k2.7-code,ext-art-139-bnd::original_freeform,ext-art-139-bnd,ext-art-139,mcp_and_tool_recipes,github-mcp-server,github,github,boundary_clarification,original_freeform,clarify_scope,selected_pending_label_review,not_run,pending,MOONSHOT_API_KEY,false,metadata_only_no_third_party_prose_or_code_copied,,pilot_logistics_not_external_effect_estimate
kimi,kimi-k2.7-code,ext-art-139-bnd::skillops_normalized,ext-art-139-bnd,ext-art-139,mcp_and_tool_recipes,github-mcp-server,github,github,boundary_clarification,skillops_normalized,clarify_scope,selected_pending_label_review,not_run,pending,MOONSHOT_API_KEY,false,metadata_only_no_third_party_prose_or_code_copied,,pilot_logistics_not_external_effect_estimate
kimi,kimi-k2.7-code,ext-art-139-bnd::skillops_ablation,ext-art-139-bnd,ext-art-139,mcp_and_tool_recipes,github-mcp-server,github,github,boundary_clarification,skillops_ablation,clarify_scope,selected_pending_label_review,not_run,pending,MOONSHOT_API_KEY,false,metadata_only_no_third_party_prose_or_code_copied,,pilot_logistics_not_external_effect_estimate
kimi,kimi-k2.7-code,ext-art-139-risk::original_freeform,ext-art-139-risk,ext-art-139,mcp_and_tool_recipes,github-mcp-server,github,github,risk_constraint,original_freeform,apply_constraint_or_refuse,selected_pending_label_review,not_run,pending,MOONSHOT_API_KEY,false,metadata_only_no_third_party_prose_or_code_copied,,pilot_logistics_not_external_effect_estimate
kimi,kimi-k2.7-code,ext-art-139-risk::skillops_normalized,ext-art-139-risk,ext-art-139,mcp_and_tool_recipes,github-mcp-server,github,github,risk_constraint,skillops_normalized,apply_constraint_or_refuse,selected_pending_label_review,not_run,pending,MOONSHOT_API_KEY,false,metadata_only_no_third_party_prose_or_code_copied,,pilot_logistics_not_external_effect_estimate
kimi,kimi-k2.7-code,ext-art-139-risk::skillops_ablation,ext-art-139-risk,ext-art-139,mcp_and_tool_recipes,github-mcp-server,github,github,risk_constraint,skillops_ablation,apply_constraint_or_refuse,selected_pending_label_review,not_run,pending,MOONSHOT_API_KEY,false,metadata_only_no_third_party_prose_or_code_copied,,pilot_logistics_not_external_effect_estimate
kimi,kimi-k2.7-code,ext-art-154-pos::original_freeform,ext-art-154-pos,ext-art-154,agent_workflow_templates,openai-agents-python,openai,openai,positive_trigger,original_freeform,trigger,selected_pending_label_review,not_run,pending,MOONSHOT_API_KEY,false,metadata_only_no_third_party_prose_or_code_copied,,pilot_logistics_not_external_effect_estimate
kimi,kimi-k2.7-code,ext-art-154-pos::skillops_normalized,ext-art-154-pos,ext-art-154,agent_workflow_templates,openai-agents-python,openai,openai,positive_trigger,skillops_normalized,trigger,selected_pending_label_review,not_run,pending,MOONSHOT_API_KEY,false,metadata_only_no_third_party_prose_or_code_copied,,pilot_logistics_not_external_effect_estimate
kimi,kimi-k2.7-code,ext-art-154-pos::skillops_ablation,ext-art-154-pos,ext-art-154,agent_workflow_templates,openai-agents-python,openai,openai,positive_trigger,skillops_ablation,trigger,selected_pending_label_review,not_run,pending,MOONSHOT_API_KEY,false,metadata_only_no_third_party_prose_or_code_copied,,pilot_logistics_not_external_effect_estimate
kimi,kimi-k2.7-code,ext-art-154-neg::original_freeform,ext-art-154-neg,ext-art-154,agent_workflow_templates,openai-agents-python,openai,openai,negative_trigger,original_freeform,no_trigger,selected_pending_label_review,not_run,pending,MOONSHOT_API_KEY,false,metadata_only_no_third_party_prose_or_code_copied,,pilot_logistics_not_external_effect_estimate
kimi,kimi-k2.7-code,ext-art-154-neg::skillops_normalized,ext-art-154-neg,ext-art-154,agent_workflow_templates,openai-agents-python,openai,openai,negative_trigger,skillops_normalized,no_trigger,selected_pending_label_review,not_run,pending,MOONSHOT_API_KEY,false,metadata_only_no_third_party_prose_or_code_copied,,pilot_logistics_not_external_effect_estimate
kimi,kimi-k2.7-code,ext-art-154-neg::skillops_ablation,ext-art-154-neg,ext-art-154,agent_workflow_templates,openai-agents-python,openai,openai,negative_trigger,skillops_ablation,no_trigger,selected_pending_label_review,not_run,pending,MOONSHOT_API_KEY,false,metadata_only_no_third_party_prose_or_code_copied,,pilot_logistics_not_external_effect_estimate
kimi,kimi-k2.7-code,ext-art-154-bnd::original_freeform,ext-art-154-bnd,ext-art-154,agent_workflow_templates,openai-agents-python,openai,openai,boundary_clarification,original_freeform,clarify_scope,selected_pending_label_review,not_run,pending,MOONSHOT_API_KEY,false,metadata_only_no_third_party_prose_or_code_copied,,pilot_logistics_not_external_effect_estimate
kimi,kimi-k2.7-code,ext-art-154-bnd::skillops_normalized,ext-art-154-bnd,ext-art-154,agent_workflow_templates,openai-agents-python,openai,openai,boundary_clarification,skillops_normalized,clarify_scope,selected_pending_label_review,not_run,pending,MOONSHOT_API_KEY,false,metadata_only_no_third_party_prose_or_code_copied,,pilot_logistics_not_external_effect_estimate
kimi,kimi-k2.7-code,ext-art-154-bnd::skillops_ablation,ext-art-154-bnd,ext-art-154,agent_workflow_templates,openai-agents-python,openai,openai,boundary_clarification,skillops_ablation,clarify_scope,selected_pending_label_review,not_run,pending,MOONSHOT_API_KEY,false,metadata_only_no_third_party_prose_or_code_copied,,pilot_logistics_not_external_effect_estimate
kimi,kimi-k2.7-code,ext-art-154-risk::original_freeform,ext-art-154-risk,ext-art-154,agent_workflow_templates,openai-agents-python,openai,openai,risk_constraint,original_freeform,apply_constraint_or_refuse,selected_pending_label_review,not_run,pending,MOONSHOT_API_KEY,false,metadata_only_no_third_party_prose_or_code_copied,,pilot_logistics_not_external_effect_estimate
kimi,kimi-k2.7-code,ext-art-154-risk::skillops_normalized,ext-art-154-risk,ext-art-154,agent_workflow_templates,openai-agents-python,openai,openai,risk_constraint,skillops_normalized,apply_constraint_or_refuse,selected_pending_label_review,not_run,pending,MOONSHOT_API_KEY,false,metadata_only_no_third_party_prose_or_code_copied,,pilot_logistics_not_external_effect_estimate
kimi,kimi-k2.7-code,ext-art-154-risk::skillops_ablation,ext-art-154-risk,ext-art-154,agent_workflow_templates,openai-agents-python,openai,openai,risk_constraint,skillops_ablation,apply_constraint_or_refuse,selected_pending_label_review,not_run,pending,MOONSHOT_API_KEY,false,metadata_only_no_third_party_prose_or_code_copied,,pilot_logistics_not_external_effect_estimate
kimi,kimi-k2.7-code,ext-art-155-pos::original_freeform,ext-art-155-pos,ext-art-155,agent_workflow_templates,openai-agents-js,openai,openai,positive_trigger,original_freeform,trigger,selected_pending_label_review,not_run,pending,MOONSHOT_API_KEY,false,metadata_only_no_third_party_prose_or_code_copied,,pilot_logistics_not_external_effect_estimate
kimi,kimi-k2.7-code,ext-art-155-pos::skillops_normalized,ext-art-155-pos,ext-art-155,agent_workflow_templates,openai-agents-js,openai,openai,positive_trigger,skillops_normalized,trigger,selected_pending_label_review,not_run,pending,MOONSHOT_API_KEY,false,metadata_only_no_third_party_prose_or_code_copied,,pilot_logistics_not_external_effect_estimate
kimi,kimi-k2.7-code,ext-art-155-pos::skillops_ablation,ext-art-155-pos,ext-art-155,agent_workflow_templates,openai-agents-js,openai,openai,positive_trigger,skillops_ablation,trigger,selected_pending_label_review,not_run,pending,MOONSHOT_API_KEY,false,metadata_only_no_third_party_prose_or_code_copied,,pilot_logistics_not_external_effect_estimate
kimi,kimi-k2.7-code,ext-art-155-neg::original_freeform,ext-art-155-neg,ext-art-155,agent_workflow_templates,openai-agents-js,openai,openai,negative_trigger,original_freeform,no_trigger,selected_pending_label_review,not_run,pending,MOONSHOT_API_KEY,false,metadata_only_no_third_party_prose_or_code_copied,,pilot_logistics_not_external_effect_estimate
kimi,kimi-k2.7-code,ext-art-155-neg::skillops_normalized,ext-art-155-neg,ext-art-155,agent_workflow_templates,openai-agents-js,openai,openai,negative_trigger,skillops_normalized,no_trigger,selected_pending_label_review,not_run,pending,MOONSHOT_API_KEY,false,metadata_only_no_third_party_prose_or_code_copied,,pilot_logistics_not_external_effect_estimate
kimi,kimi-k2.7-code,ext-art-155-neg::skillops_ablation,ext-art-155-neg,ext-art-155,agent_workflow_templates,openai-agents-js,openai,openai,negative_trigger,skillops_ablation,no_trigger,selected_pending_label_review,not_run,pending,MOONSHOT_API_KEY,false,metadata_only_no_third_party_prose_or_code_copied,,pilot_logistics_not_external_effect_estimate
kimi,kimi-k2.7-code,ext-art-155-bnd::original_freeform,ext-art-155-bnd,ext-art-155,agent_workflow_templates,openai-agents-js,openai,openai,boundary_clarification,original_freeform,clarify_scope,selected_pending_label_review,not_run,pending,MOONSHOT_API_KEY,false,metadata_only_no_third_party_prose_or_code_copied,,pilot_logistics_not_external_effect_estimate
kimi,kimi-k2.7-code,ext-art-155-bnd::skillops_normalized,ext-art-155-bnd,ext-art-155,agent_workflow_templates,openai-agents-js,openai,openai,boundary_clarification,skillops_normalized,clarify_scope,selected_pending_label_review,not_run,pending,MOONSHOT_API_KEY,false,metadata_only_no_third_party_prose_or_code_copied,,pilot_logistics_not_external_effect_estimate
kimi,kimi-k2.7-code,ext-art-155-bnd::skillops_ablation,ext-art-155-bnd,ext-art-155,agent_workflow_templates,openai-agents-js,openai,openai,boundary_clarification,skillops_ablation,clarify_scope,selected_pending_label_review,not_run,pending,MOONSHOT_API_KEY,false,metadata_only_no_third_party_prose_or_code_copied,,pilot_logistics_not_external_effect_estimate
kimi,kimi-k2.7-code,ext-art-155-risk::original_freeform,ext-art-155-risk,ext-art-155,agent_workflow_templates,openai-agents-js,openai,openai,risk_constraint,original_freeform,apply_constraint_or_refuse,selected_pending_label_review,not_run,pending,MOONSHOT_API_KEY,false,metadata_only_no_third_party_prose_or_code_copied,,pilot_logistics_not_external_effect_estimate
kimi,kimi-k2.7-code,ext-art-155-risk::skillops_normalized,ext-art-155-risk,ext-art-155,agent_workflow_templates,openai-agents-js,openai,openai,risk_constraint,skillops_normalized,apply_constraint_or_refuse,selected_pending_label_review,not_run,pending,MOONSHOT_API_KEY,false,metadata_only_no_third_party_prose_or_code_copied,,pilot_logistics_not_external_effect_estimate
kimi,kimi-k2.7-code,ext-art-155-risk::skillops_ablation,ext-art-155-risk,ext-art-155,agent_workflow_templates,openai-agents-js,openai,openai,risk_constraint,skillops_ablation,apply_constraint_or_refuse,selected_pending_label_review,not_run,pending,MOONSHOT_API_KEY,false,metadata_only_no_third_party_prose_or_code_copied,,pilot_logistics_not_external_effect_estimate
kimi,kimi-k2.7-code,ext-art-170-pos::original_freeform,ext-art-170-pos,ext-art-170,agent_workflow_templates,autogen-examples,microsoft,microsoft,positive_trigger,original_freeform,trigger,selected_pending_label_review,not_run,pending,MOONSHOT_API_KEY,false,metadata_only_no_third_party_prose_or_code_copied,,pilot_logistics_not_external_effect_estimate
kimi,kimi-k2.7-code,ext-art-170-pos::skillops_normalized,ext-art-170-pos,ext-art-170,agent_workflow_templates,autogen-examples,microsoft,microsoft,positive_trigger,skillops_normalized,trigger,selected_pending_label_review,not_run,pending,MOONSHOT_API_KEY,false,metadata_only_no_third_party_prose_or_code_copied,,pilot_logistics_not_external_effect_estimate
kimi,kimi-k2.7-code,ext-art-170-pos::skillops_ablation,ext-art-170-pos,ext-art-170,agent_workflow_templates,autogen-examples,microsoft,microsoft,positive_trigger,skillops_ablation,trigger,selected_pending_label_review,not_run,pending,MOONSHOT_API_KEY,false,metadata_only_no_third_party_prose_or_code_copied,,pilot_logistics_not_external_effect_estimate
kimi,kimi-k2.7-code,ext-art-170-neg::original_freeform,ext-art-170-neg,ext-art-170,agent_workflow_templates,autogen-examples,microsoft,microsoft,negative_trigger,original_freeform,no_trigger,selected_pending_label_review,not_run,pending,MOONSHOT_API_KEY,false,metadata_only_no_third_party_prose_or_code_copied,,pilot_logistics_not_external_effect_estimate
kimi,kimi-k2.7-code,ext-art-170-neg::skillops_normalized,ext-art-170-neg,ext-art-170,agent_workflow_templates,autogen-examples,microsoft,microsoft,negative_trigger,skillops_normalized,no_trigger,selected_pending_label_review,not_run,pending,MOONSHOT_API_KEY,false,metadata_only_no_third_party_prose_or_code_copied,,pilot_logistics_not_external_effect_estimate
kimi,kimi-k2.7-code,ext-art-170-neg::skillops_ablation,ext-art-170-neg,ext-art-170,agent_workflow_templates,autogen-examples,microsoft,microsoft,negative_trigger,skillops_ablation,no_trigger,selected_pending_label_review,not_run,pending,MOONSHOT_API_KEY,false,metadata_only_no_third_party_prose_or_code_copied,,pilot_logistics_not_external_effect_estimate
kimi,kimi-k2.7-code,ext-art-170-bnd::original_freeform,ext-art-170-bnd,ext-art-170,agent_workflow_templates,autogen-examples,microsoft,microsoft,boundary_clarification,original_freeform,clarify_scope,selected_pending_label_review,not_run,pending,MOONSHOT_API_KEY,false,metadata_only_no_third_party_prose_or_code_copied,,pilot_logistics_not_external_effect_estimate
kimi,kimi-k2.7-code,ext-art-170-bnd::skillops_normalized,ext-art-170-bnd,ext-art-170,agent_workflow_templates,autogen-examples,microsoft,microsoft,boundary_clarification,skillops_normalized,clarify_scope,selected_pending_label_review,not_run,pending,MOONSHOT_API_KEY,false,metadata_only_no_third_party_prose_or_code_copied,,pilot_logistics_not_external_effect_estimate
kimi,kimi-k2.7-code,ext-art-170-bnd::skillops_ablation,ext-art-170-bnd,ext-art-170,agent_workflow_templates,autogen-examples,microsoft,microsoft,boundary_clarification,skillops_ablation,clarify_scope,selected_pending_label_review,not_run,pending,MOONSHOT_API_KEY,false,metadata_only_no_third_party_prose_or_code_copied,,pilot_logistics_not_external_effect_estimate
kimi,kimi-k2.7-code,ext-art-170-risk::original_freeform,ext-art-170-risk,ext-art-170,agent_workflow_templates,autogen-examples,microsoft,microsoft,risk_constraint,original_freeform,apply_constraint_or_refuse,selected_pending_label_review,not_run,pending,MOONSHOT_API_KEY,false,metadata_only_no_third_party_prose_or_code_copied,,pilot_logistics_not_external_effect_estimate
kimi,kimi-k2.7-code,ext-art-170-risk::skillops_normalized,ext-art-170-risk,ext-art-170,agent_workflow_templates,autogen-examples,microsoft,microsoft,risk_constraint,skillops_normalized,apply_constraint_or_refuse,selected_pending_label_review,not_run,pending,MOONSHOT_API_KEY,false,metadata_only_no_third_party_prose_or_code_copied,,pilot_logistics_not_external_effect_estimate
kimi,kimi-k2.7-code,ext-art-170-risk::skillops_ablation,ext-art-170-risk,ext-art-170,agent_workflow_templates,autogen-examples,microsoft,microsoft,risk_constraint,skillops_ablation,apply_constraint_or_refuse,selected_pending_label_review,not_run,pending,MOONSHOT_API_KEY,false,metadata_only_no_third_party_prose_or_code_copied,,pilot_logistics_not_external_effect_estimate
kimi,kimi-k2.7-code,ext-art-172-pos::original_freeform,ext-art-172-pos,ext-art-172,agent_workflow_templates,autogen-examples,microsoft,microsoft,positive_trigger,original_freeform,trigger,selected_pending_label_review,not_run,pending,MOONSHOT_API_KEY,false,metadata_only_no_third_party_prose_or_code_copied,,pilot_logistics_not_external_effect_estimate
kimi,kimi-k2.7-code,ext-art-172-pos::skillops_normalized,ext-art-172-pos,ext-art-172,agent_workflow_templates,autogen-examples,microsoft,microsoft,positive_trigger,skillops_normalized,trigger,selected_pending_label_review,not_run,pending,MOONSHOT_API_KEY,false,metadata_only_no_third_party_prose_or_code_copied,,pilot_logistics_not_external_effect_estimate
kimi,kimi-k2.7-code,ext-art-172-pos::skillops_ablation,ext-art-172-pos,ext-art-172,agent_workflow_templates,autogen-examples,microsoft,microsoft,positive_trigger,skillops_ablation,trigger,selected_pending_label_review,not_run,pending,MOONSHOT_API_KEY,false,metadata_only_no_third_party_prose_or_code_copied,,pilot_logistics_not_external_effect_estimate
kimi,kimi-k2.7-code,ext-art-172-neg::original_freeform,ext-art-172-neg,ext-art-172,agent_workflow_templates,autogen-examples,microsoft,microsoft,negative_trigger,original_freeform,no_trigger,selected_pending_label_review,not_run,pending,MOONSHOT_API_KEY,false,metadata_only_no_third_party_prose_or_code_copied,,pilot_logistics_not_external_effect_estimate
kimi,kimi-k2.7-code,ext-art-172-neg::skillops_normalized,ext-art-172-neg,ext-art-172,agent_workflow_templates,autogen-examples,microsoft,microsoft,negative_trigger,skillops_normalized,no_trigger,selected_pending_label_review,not_run,pending,MOONSHOT_API_KEY,false,metadata_only_no_third_party_prose_or_code_copied,,pilot_logistics_not_external_effect_estimate
kimi,kimi-k2.7-code,ext-art-172-neg::skillops_ablation,ext-art-172-neg,ext-art-172,agent_workflow_templates,autogen-examples,microsoft,microsoft,negative_trigger,skillops_ablation,no_trigger,selected_pending_label_review,not_run,pending,MOONSHOT_API_KEY,false,metadata_only_no_third_party_prose_or_code_copied,,pilot_logistics_not_external_effect_estimate
kimi,kimi-k2.7-code,ext-art-172-bnd::original_freeform,ext-art-172-bnd,ext-art-172,agent_workflow_templates,autogen-examples,microsoft,microsoft,boundary_clarification,original_freeform,clarify_scope,selected_pending_label_review,not_run,pending,MOONSHOT_API_KEY,false,metadata_only_no_third_party_prose_or_code_copied,,pilot_logistics_not_external_effect_estimate
kimi,kimi-k2.7-code,ext-art-172-bnd::skillops_normalized,ext-art-172-bnd,ext-art-172,agent_workflow_templates,autogen-examples,microsoft,microsoft,boundary_clarification,skillops_normalized,clarify_scope,selected_pending_label_review,not_run,pending,MOONSHOT_API_KEY,false,metadata_only_no_third_party_prose_or_code_copied,,pilot_logistics_not_external_effect_estimate
kimi,kimi-k2.7-code,ext-art-172-bnd::skillops_ablation,ext-art-172-bnd,ext-art-172,agent_workflow_templates,autogen-examples,microsoft,microsoft,boundary_clarification,skillops_ablation,clarify_scope,selected_pending_label_review,not_run,pending,MOONSHOT_API_KEY,false,metadata_only_no_third_party_prose_or_code_copied,,pilot_logistics_not_external_effect_estimate
kimi,kimi-k2.7-code,ext-art-172-risk::original_freeform,ext-art-172-risk,ext-art-172,agent_workflow_templates,autogen-examples,microsoft,microsoft,risk_constraint,original_freeform,apply_constraint_or_refuse,selected_pending_label_review,not_run,pending,MOONSHOT_API_KEY,false,metadata_only_no_third_party_prose_or_code_copied,,pilot_logistics_not_external_effect_estimate
kimi,kimi-k2.7-code,ext-art-172-risk::skillops_normalized,ext-art-172-risk,ext-art-172,agent_workflow_templates,autogen-examples,microsoft,microsoft,risk_constraint,skillops_normalized,apply_constraint_or_refuse,selected_pending_label_review,not_run,pending,MOONSHOT_API_KEY,false,metadata_only_no_third_party_prose_or_code_copied,,pilot_logistics_not_external_effect_estimate
kimi,kimi-k2.7-code,ext-art-172-risk::skillops_ablation,ext-art-172-risk,ext-art-172,agent_workflow_templates,autogen-examples,microsoft,microsoft,risk_constraint,skillops_ablation,apply_constraint_or_refuse,selected_pending_label_review,not_run,pending,MOONSHOT_API_KEY,false,metadata_only_no_third_party_prose_or_code_copied,,pilot_logistics_not_external_effect_estimate
kimi,kimi-k2.7-code,ext-art-184-pos::original_freeform,ext-art-184-pos,ext-art-184,agent_workflow_templates,langgraph-template,langchain-ai,langchain,positive_trigger,original_freeform,trigger,selected_pending_label_review,not_run,pending,MOONSHOT_API_KEY,false,metadata_only_no_third_party_prose_or_code_copied,,pilot_logistics_not_external_effect_estimate
kimi,kimi-k2.7-code,ext-art-184-pos::skillops_normalized,ext-art-184-pos,ext-art-184,agent_workflow_templates,langgraph-template,langchain-ai,langchain,positive_trigger,skillops_normalized,trigger,selected_pending_label_review,not_run,pending,MOONSHOT_API_KEY,false,metadata_only_no_third_party_prose_or_code_copied,,pilot_logistics_not_external_effect_estimate
kimi,kimi-k2.7-code,ext-art-184-pos::skillops_ablation,ext-art-184-pos,ext-art-184,agent_workflow_templates,langgraph-template,langchain-ai,langchain,positive_trigger,skillops_ablation,trigger,selected_pending_label_review,not_run,pending,MOONSHOT_API_KEY,false,metadata_only_no_third_party_prose_or_code_copied,,pilot_logistics_not_external_effect_estimate
kimi,kimi-k2.7-code,ext-art-184-neg::original_freeform,ext-art-184-neg,ext-art-184,agent_workflow_templates,langgraph-template,langchain-ai,langchain,negative_trigger,original_freeform,no_trigger,selected_pending_label_review,not_run,pending,MOONSHOT_API_KEY,false,metadata_only_no_third_party_prose_or_code_copied,,pilot_logistics_not_external_effect_estimate
kimi,kimi-k2.7-code,ext-art-184-neg::skillops_normalized,ext-art-184-neg,ext-art-184,agent_workflow_templates,langgraph-template,langchain-ai,langchain,negative_trigger,skillops_normalized,no_trigger,selected_pending_label_review,not_run,pending,MOONSHOT_API_KEY,false,metadata_only_no_third_party_prose_or_code_copied,,pilot_logistics_not_external_effect_estimate
kimi,kimi-k2.7-code,ext-art-184-neg::skillops_ablation,ext-art-184-neg,ext-art-184,agent_workflow_templates,langgraph-template,langchain-ai,langchain,negative_trigger,skillops_ablation,no_trigger,selected_pending_label_review,not_run,pending,MOONSHOT_API_KEY,false,metadata_only_no_third_party_prose_or_code_copied,,pilot_logistics_not_external_effect_estimate
kimi,kimi-k2.7-code,ext-art-184-bnd::original_freeform,ext-art-184-bnd,ext-art-184,agent_workflow_templates,langgraph-template,langchain-ai,langchain,boundary_clarification,original_freeform,clarify_scope,selected_pending_label_review,not_run,pending,MOONSHOT_API_KEY,false,metadata_only_no_third_party_prose_or_code_copied,,pilot_logistics_not_external_effect_estimate
kimi,kimi-k2.7-code,ext-art-184-bnd::skillops_normalized,ext-art-184-bnd,ext-art-184,agent_workflow_templates,langgraph-template,langchain-ai,langchain,boundary_clarification,skillops_normalized,clarify_scope,selected_pending_label_review,not_run,pending,MOONSHOT_API_KEY,false,metadata_only_no_third_party_prose_or_code_copied,,pilot_logistics_not_external_effect_estimate
kimi,kimi-k2.7-code,ext-art-184-bnd::skillops_ablation,ext-art-184-bnd,ext-art-184,agent_workflow_templates,langgraph-template,langchain-ai,langchain,boundary_clarification,skillops_ablation,clarify_scope,selected_pending_label_review,not_run,pending,MOONSHOT_API_KEY,false,metadata_only_no_third_party_prose_or_code_copied,,pilot_logistics_not_external_effect_estimate
kimi,kimi-k2.7-code,ext-art-184-risk::original_freeform,ext-art-184-risk,ext-art-184,agent_workflow_templates,langgraph-template,langchain-ai,langchain,risk_constraint,original_freeform,apply_constraint_or_refuse,selected_pending_label_review,not_run,pending,MOONSHOT_API_KEY,false,metadata_only_no_third_party_prose_or_code_copied,,pilot_logistics_not_external_effect_estimate
kimi,kimi-k2.7-code,ext-art-184-risk::skillops_normalized,ext-art-184-risk,ext-art-184,agent_workflow_templates,langgraph-template,langchain-ai,langchain,risk_constraint,skillops_normalized,apply_constraint_or_refuse,selected_pending_label_review,not_run,pending,MOONSHOT_API_KEY,false,metadata_only_no_third_party_prose_or_code_copied,,pilot_logistics_not_external_effect_estimate
kimi,kimi-k2.7-code,ext-art-184-risk::skillops_ablation,ext-art-184-risk,ext-art-184,agent_workflow_templates,langgraph-template,langchain-ai,langchain,risk_constraint,skillops_ablation,apply_constraint_or_refuse,selected_pending_label_review,not_run,pending,MOONSHOT_API_KEY,false,metadata_only_no_third_party_prose_or_code_copied,,pilot_logistics_not_external_effect_estimate
kimi,kimi-k2.7-code,ext-art-187-pos::original_freeform,ext-art-187-pos,ext-art-187,agent_workflow_templates,langgraph-template,langchain-ai,langchain,positive_trigger,original_freeform,trigger,selected_pending_label_review,not_run,pending,MOONSHOT_API_KEY,false,metadata_only_no_third_party_prose_or_code_copied,,pilot_logistics_not_external_effect_estimate
kimi,kimi-k2.7-code,ext-art-187-pos::skillops_normalized,ext-art-187-pos,ext-art-187,agent_workflow_templates,langgraph-template,langchain-ai,langchain,positive_trigger,skillops_normalized,trigger,selected_pending_label_review,not_run,pending,MOONSHOT_API_KEY,false,metadata_only_no_third_party_prose_or_code_copied,,pilot_logistics_not_external_effect_estimate
kimi,kimi-k2.7-code,ext-art-187-pos::skillops_ablation,ext-art-187-pos,ext-art-187,agent_workflow_templates,langgraph-template,langchain-ai,langchain,positive_trigger,skillops_ablation,trigger,selected_pending_label_review,not_run,pending,MOONSHOT_API_KEY,false,metadata_only_no_third_party_prose_or_code_copied,,pilot_logistics_not_external_effect_estimate
kimi,kimi-k2.7-code,ext-art-187-neg::original_freeform,ext-art-187-neg,ext-art-187,agent_workflow_templates,langgraph-template,langchain-ai,langchain,negative_trigger,original_freeform,no_trigger,selected_pending_label_review,not_run,pending,MOONSHOT_API_KEY,false,metadata_only_no_third_party_prose_or_code_copied,,pilot_logistics_not_external_effect_estimate
kimi,kimi-k2.7-code,ext-art-187-neg::skillops_normalized,ext-art-187-neg,ext-art-187,agent_workflow_templates,langgraph-template,langchain-ai,langchain,negative_trigger,skillops_normalized,no_trigger,selected_pending_label_review,not_run,pending,MOONSHOT_API_KEY,false,metadata_only_no_third_party_prose_or_code_copied,,pilot_logistics_not_external_effect_estimate
kimi,kimi-k2.7-code,ext-art-187-neg::skillops_ablation,ext-art-187-neg,ext-art-187,agent_workflow_templates,langgraph-template,langchain-ai,langchain,negative_trigger,skillops_ablation,no_trigger,selected_pending_label_review,not_run,pending,MOONSHOT_API_KEY,false,metadata_only_no_third_party_prose_or_code_copied,,pilot_logistics_not_external_effect_estimate
kimi,kimi-k2.7-code,ext-art-187-bnd::original_freeform,ext-art-187-bnd,ext-art-187,agent_workflow_templates,langgraph-template,langchain-ai,langchain,boundary_clarification,original_freeform,clarify_scope,selected_pending_label_review,not_run,pending,MOONSHOT_API_KEY,false,metadata_only_no_third_party_prose_or_code_copied,,pilot_logistics_not_external_effect_estimate
kimi,kimi-k2.7-code,ext-art-187-bnd::skillops_normalized,ext-art-187-bnd,ext-art-187,agent_workflow_templates,langgraph-template,langchain-ai,langchain,boundary_clarification,skillops_normalized,clarify_scope,selected_pending_label_review,not_run,pending,MOONSHOT_API_KEY,false,metadata_only_no_third_party_prose_or_code_copied,,pilot_logistics_not_external_effect_estimate
kimi,kimi-k2.7-code,ext-art-187-bnd::skillops_ablation,ext-art-187-bnd,ext-art-187,agent_workflow_templates,langgraph-template,langchain-ai,langchain,boundary_clarification,skillops_ablation,clarify_scope,selected_pending_label_review,not_run,pending,MOONSHOT_API_KEY,false,metadata_only_no_third_party_prose_or_code_copied,,pilot_logistics_not_external_effect_estimate
kimi,kimi-k2.7-code,ext-art-187-risk::original_freeform,ext-art-187-risk,ext-art-187,agent_workflow_templates,langgraph-template,langchain-ai,langchain,risk_constraint,original_freeform,apply_constraint_or_refuse,selected_pending_label_review,not_run,pending,MOONSHOT_API_KEY,false,metadata_only_no_third_party_prose_or_code_copied,,pilot_logistics_not_external_effect_estimate
kimi,kimi-k2.7-code,ext-art-187-risk::skillops_normalized,ext-art-187-risk,ext-art-187,agent_workflow_templates,langgraph-template,langchain-ai,langchain,risk_constraint,skillops_normalized,apply_constraint_or_refuse,selected_pending_label_review,not_run,pending,MOONSHOT_API_KEY,false,metadata_only_no_third_party_prose_or_code_copied,,pilot_logistics_not_external_effect_estimate
kimi,kimi-k2.7-code,ext-art-187-risk::skillops_ablation,ext-art-187-risk,ext-art-187,agent_workflow_templates,langgraph-template,langchain-ai,langchain,risk_constraint,skillops_ablation,apply_constraint_or_refuse,selected_pending_label_review,not_run,pending,MOONSHOT_API_KEY,false,metadata_only_no_third_party_prose_or_code_copied,,pilot_logistics_not_external_effect_estimate
kimi,kimi-k2.7-code,ext-art-203-pos::original_freeform,ext-art-203-pos,ext-art-203,prompt_and_function_recipes,prompts-chat,f,prompt-corpus,positive_trigger,original_freeform,trigger,selected_pending_label_review,not_run,pending,MOONSHOT_API_KEY,false,metadata_only_no_third_party_prose_or_code_copied,,pilot_logistics_not_external_effect_estimate
kimi,kimi-k2.7-code,ext-art-203-pos::skillops_normalized,ext-art-203-pos,ext-art-203,prompt_and_function_recipes,prompts-chat,f,prompt-corpus,positive_trigger,skillops_normalized,trigger,selected_pending_label_review,not_run,pending,MOONSHOT_API_KEY,false,metadata_only_no_third_party_prose_or_code_copied,,pilot_logistics_not_external_effect_estimate
kimi,kimi-k2.7-code,ext-art-203-pos::skillops_ablation,ext-art-203-pos,ext-art-203,prompt_and_function_recipes,prompts-chat,f,prompt-corpus,positive_trigger,skillops_ablation,trigger,selected_pending_label_review,not_run,pending,MOONSHOT_API_KEY,false,metadata_only_no_third_party_prose_or_code_copied,,pilot_logistics_not_external_effect_estimate
kimi,kimi-k2.7-code,ext-art-203-neg::original_freeform,ext-art-203-neg,ext-art-203,prompt_and_function_recipes,prompts-chat,f,prompt-corpus,negative_trigger,original_freeform,no_trigger,selected_pending_label_review,not_run,pending,MOONSHOT_API_KEY,false,metadata_only_no_third_party_prose_or_code_copied,,pilot_logistics_not_external_effect_estimate
kimi,kimi-k2.7-code,ext-art-203-neg::skillops_normalized,ext-art-203-neg,ext-art-203,prompt_and_function_recipes,prompts-chat,f,prompt-corpus,negative_trigger,skillops_normalized,no_trigger,selected_pending_label_review,not_run,pending,MOONSHOT_API_KEY,false,metadata_only_no_third_party_prose_or_code_copied,,pilot_logistics_not_external_effect_estimate
kimi,kimi-k2.7-code,ext-art-203-neg::skillops_ablation,ext-art-203-neg,ext-art-203,prompt_and_function_recipes,prompts-chat,f,prompt-corpus,negative_trigger,skillops_ablation,no_trigger,selected_pending_label_review,not_run,pending,MOONSHOT_API_KEY,false,metadata_only_no_third_party_prose_or_code_copied,,pilot_logistics_not_external_effect_estimate
kimi,kimi-k2.7-code,ext-art-203-bnd::original_freeform,ext-art-203-bnd,ext-art-203,prompt_and_function_recipes,prompts-chat,f,prompt-corpus,boundary_clarification,original_freeform,clarify_scope,selected_pending_label_review,not_run,pending,MOONSHOT_API_KEY,false,metadata_only_no_third_party_prose_or_code_copied,,pilot_logistics_not_external_effect_estimate
kimi,kimi-k2.7-code,ext-art-203-bnd::skillops_normalized,ext-art-203-bnd,ext-art-203,prompt_and_function_recipes,prompts-chat,f,prompt-corpus,boundary_clarification,skillops_normalized,clarify_scope,selected_pending_label_review,not_run,pending,MOONSHOT_API_KEY,false,metadata_only_no_third_party_prose_or_code_copied,,pilot_logistics_not_external_effect_estimate
kimi,kimi-k2.7-code,ext-art-203-bnd::skillops_ablation,ext-art-203-bnd,ext-art-203,prompt_and_function_recipes,prompts-chat,f,prompt-corpus,boundary_clarification,skillops_ablation,clarify_scope,selected_pending_label_review,not_run,pending,MOONSHOT_API_KEY,false,metadata_only_no_third_party_prose_or_code_copied,,pilot_logistics_not_external_effect_estimate
kimi,kimi-k2.7-code,ext-art-203-risk::original_freeform,ext-art-203-risk,ext-art-203,prompt_and_function_recipes,prompts-chat,f,prompt-corpus,risk_constraint,original_freeform,apply_constraint_or_refuse,selected_pending_label_review,not_run,pending,MOONSHOT_API_KEY,false,metadata_only_no_third_party_prose_or_code_copied,,pilot_logistics_not_external_effect_estimate
kimi,kimi-k2.7-code,ext-art-203-risk::skillops_normalized,ext-art-203-risk,ext-art-203,prompt_and_function_recipes,prompts-chat,f,prompt-corpus,risk_constraint,skillops_normalized,apply_constraint_or_refuse,selected_pending_label_review,not_run,pending,MOONSHOT_API_KEY,false,metadata_only_no_third_party_prose_or_code_copied,,pilot_logistics_not_external_effect_estimate
kimi,kimi-k2.7-code,ext-art-203-risk::skillops_ablation,ext-art-203-risk,ext-art-203,prompt_and_function_recipes,prompts-chat,f,prompt-corpus,risk_constraint,skillops_ablation,apply_constraint_or_refuse,selected_pending_label_review,not_run,pending,MOONSHOT_API_KEY,false,metadata_only_no_third_party_prose_or_code_copied,,pilot_logistics_not_external_effect_estimate
kimi,kimi-k2.7-code,ext-art-216-pos::original_freeform,ext-art-216-pos,ext-art-216,prompt_and_function_recipes,open-webui-functions,owndev,open-webui,positive_trigger,original_freeform,trigger,selected_pending_label_review,not_run,pending,MOONSHOT_API_KEY,false,metadata_only_no_third_party_prose_or_code_copied,,pilot_logistics_not_external_effect_estimate
kimi,kimi-k2.7-code,ext-art-216-pos::skillops_normalized,ext-art-216-pos,ext-art-216,prompt_and_function_recipes,open-webui-functions,owndev,open-webui,positive_trigger,skillops_normalized,trigger,selected_pending_label_review,not_run,pending,MOONSHOT_API_KEY,false,metadata_only_no_third_party_prose_or_code_copied,,pilot_logistics_not_external_effect_estimate
kimi,kimi-k2.7-code,ext-art-216-pos::skillops_ablation,ext-art-216-pos,ext-art-216,prompt_and_function_recipes,open-webui-functions,owndev,open-webui,positive_trigger,skillops_ablation,trigger,selected_pending_label_review,not_run,pending,MOONSHOT_API_KEY,false,metadata_only_no_third_party_prose_or_code_copied,,pilot_logistics_not_external_effect_estimate
kimi,kimi-k2.7-code,ext-art-216-neg::original_freeform,ext-art-216-neg,ext-art-216,prompt_and_function_recipes,open-webui-functions,owndev,open-webui,negative_trigger,original_freeform,no_trigger,selected_pending_label_review,not_run,pending,MOONSHOT_API_KEY,false,metadata_only_no_third_party_prose_or_code_copied,,pilot_logistics_not_external_effect_estimate
kimi,kimi-k2.7-code,ext-art-216-neg::skillops_normalized,ext-art-216-neg,ext-art-216,prompt_and_function_recipes,open-webui-functions,owndev,open-webui,negative_trigger,skillops_normalized,no_trigger,selected_pending_label_review,not_run,pending,MOONSHOT_API_KEY,false,metadata_only_no_third_party_prose_or_code_copied,,pilot_logistics_not_external_effect_estimate
kimi,kimi-k2.7-code,ext-art-216-neg::skillops_ablation,ext-art-216-neg,ext-art-216,prompt_and_function_recipes,open-webui-functions,owndev,open-webui,negative_trigger,skillops_ablation,no_trigger,selected_pending_label_review,not_run,pending,MOONSHOT_API_KEY,false,metadata_only_no_third_party_prose_or_code_copied,,pilot_logistics_not_external_effect_estimate
kimi,kimi-k2.7-code,ext-art-216-bnd::original_freeform,ext-art-216-bnd,ext-art-216,prompt_and_function_recipes,open-webui-functions,owndev,open-webui,boundary_clarification,original_freeform,clarify_scope,selected_pending_label_review,not_run,pending,MOONSHOT_API_KEY,false,metadata_only_no_third_party_prose_or_code_copied,,pilot_logistics_not_external_effect_estimate
kimi,kimi-k2.7-code,ext-art-216-bnd::skillops_normalized,ext-art-216-bnd,ext-art-216,prompt_and_function_recipes,open-webui-functions,owndev,open-webui,boundary_clarification,skillops_normalized,clarify_scope,selected_pending_label_review,not_run,pending,MOONSHOT_API_KEY,false,metadata_only_no_third_party_prose_or_code_copied,,pilot_logistics_not_external_effect_estimate
kimi,kimi-k2.7-code,ext-art-216-bnd::skillops_ablation,ext-art-216-bnd,ext-art-216,prompt_and_function_recipes,open-webui-functions,owndev,open-webui,boundary_clarification,skillops_ablation,clarify_scope,selected_pending_label_review,not_run,pending,MOONSHOT_API_KEY,false,metadata_only_no_third_party_prose_or_code_copied,,pilot_logistics_not_external_effect_estimate
kimi,kimi-k2.7-code,ext-art-216-risk::original_freeform,ext-art-216-risk,ext-art-216,prompt_and_function_recipes,open-webui-functions,owndev,open-webui,risk_constraint,original_freeform,apply_constraint_or_refuse,selected_pending_label_review,not_run,pending,MOONSHOT_API_KEY,false,metadata_only_no_third_party_prose_or_code_copied,,pilot_logistics_not_external_effect_estimate
kimi,kimi-k2.7-code,ext-art-216-risk::skillops_normalized,ext-art-216-risk,ext-art-216,prompt_and_function_recipes,open-webui-functions,owndev,open-webui,risk_constraint,skillops_normalized,apply_constraint_or_refuse,selected_pending_label_review,not_run,pending,MOONSHOT_API_KEY,false,metadata_only_no_third_party_prose_or_code_copied,,pilot_logistics_not_external_effect_estimate
kimi,kimi-k2.7-code,ext-art-216-risk::skillops_ablation,ext-art-216-risk,ext-art-216,prompt_and_function_recipes,open-webui-functions,owndev,open-webui,risk_constraint,skillops_ablation,apply_constraint_or_refuse,selected_pending_label_review,not_run,pending,MOONSHOT_API_KEY,false,metadata_only_no_third_party_prose_or_code_copied,,pilot_logistics_not_external_effect_estimate
kimi,kimi-k2.7-code,ext-art-225-pos::original_freeform,ext-art-225-pos,ext-art-225,prompt_and_function_recipes,open-webui-functions,owndev,open-webui,positive_trigger,original_freeform,trigger,selected_pending_label_review,not_run,pending,MOONSHOT_API_KEY,false,metadata_only_no_third_party_prose_or_code_copied,,pilot_logistics_not_external_effect_estimate
kimi,kimi-k2.7-code,ext-art-225-pos::skillops_normalized,ext-art-225-pos,ext-art-225,prompt_and_function_recipes,open-webui-functions,owndev,open-webui,positive_trigger,skillops_normalized,trigger,selected_pending_label_review,not_run,pending,MOONSHOT_API_KEY,false,metadata_only_no_third_party_prose_or_code_copied,,pilot_logistics_not_external_effect_estimate
kimi,kimi-k2.7-code,ext-art-225-pos::skillops_ablation,ext-art-225-pos,ext-art-225,prompt_and_function_recipes,open-webui-functions,owndev,open-webui,positive_trigger,skillops_ablation,trigger,selected_pending_label_review,not_run,pending,MOONSHOT_API_KEY,false,metadata_only_no_third_party_prose_or_code_copied,,pilot_logistics_not_external_effect_estimate
kimi,kimi-k2.7-code,ext-art-225-neg::original_freeform,ext-art-225-neg,ext-art-225,prompt_and_function_recipes,open-webui-functions,owndev,open-webui,negative_trigger,original_freeform,no_trigger,selected_pending_label_review,not_run,pending,MOONSHOT_API_KEY,false,metadata_only_no_third_party_prose_or_code_copied,,pilot_logistics_not_external_effect_estimate
kimi,kimi-k2.7-code,ext-art-225-neg::skillops_normalized,ext-art-225-neg,ext-art-225,prompt_and_function_recipes,open-webui-functions,owndev,open-webui,negative_trigger,skillops_normalized,no_trigger,selected_pending_label_review,not_run,pending,MOONSHOT_API_KEY,false,metadata_only_no_third_party_prose_or_code_copied,,pilot_logistics_not_external_effect_estimate
kimi,kimi-k2.7-code,ext-art-225-neg::skillops_ablation,ext-art-225-neg,ext-art-225,prompt_and_function_recipes,open-webui-functions,owndev,open-webui,negative_trigger,skillops_ablation,no_trigger,selected_pending_label_review,not_run,pending,MOONSHOT_API_KEY,false,metadata_only_no_third_party_prose_or_code_copied,,pilot_logistics_not_external_effect_estimate
kimi,kimi-k2.7-code,ext-art-225-bnd::original_freeform,ext-art-225-bnd,ext-art-225,prompt_and_function_recipes,open-webui-functions,owndev,open-webui,boundary_clarification,original_freeform,clarify_scope,selected_pending_label_review,not_run,pending,MOONSHOT_API_KEY,false,metadata_only_no_third_party_prose_or_code_copied,,pilot_logistics_not_external_effect_estimate
kimi,kimi-k2.7-code,ext-art-225-bnd::skillops_normalized,ext-art-225-bnd,ext-art-225,prompt_and_function_recipes,open-webui-functions,owndev,open-webui,boundary_clarification,skillops_normalized,clarify_scope,selected_pending_label_review,not_run,pending,MOONSHOT_API_KEY,false,metadata_only_no_third_party_prose_or_code_copied,,pilot_logistics_not_external_effect_estimate
kimi,kimi-k2.7-code,ext-art-225-bnd::skillops_ablation,ext-art-225-bnd,ext-art-225,prompt_and_function_recipes,open-webui-functions,owndev,open-webui,boundary_clarification,skillops_ablation,clarify_scope,selected_pending_label_review,not_run,pending,MOONSHOT_API_KEY,false,metadata_only_no_third_party_prose_or_code_copied,,pilot_logistics_not_external_effect_estimate
kimi,kimi-k2.7-code,ext-art-225-risk::original_freeform,ext-art-225-risk,ext-art-225,prompt_and_function_recipes,open-webui-functions,owndev,open-webui,risk_constraint,original_freeform,apply_constraint_or_refuse,selected_pending_label_review,not_run,pending,MOONSHOT_API_KEY,false,metadata_only_no_third_party_prose_or_code_copied,,pilot_logistics_not_external_effect_estimate
kimi,kimi-k2.7-code,ext-art-225-risk::skillops_normalized,ext-art-225-risk,ext-art-225,prompt_and_function_recipes,open-webui-functions,owndev,open-webui,risk_constraint,skillops_normalized,apply_constraint_or_refuse,selected_pending_label_review,not_run,pending,MOONSHOT_API_KEY,false,metadata_only_no_third_party_prose_or_code_copied,,pilot_logistics_not_external_effect_estimate
kimi,kimi-k2.7-code,ext-art-225-risk::skillops_ablation,ext-art-225-risk,ext-art-225,prompt_and_function_recipes,open-webui-functions,owndev,open-webui,risk_constraint,skillops_ablation,apply_constraint_or_refuse,selected_pending_label_review,not_run,pending,MOONSHOT_API_KEY,false,metadata_only_no_third_party_prose_or_code_copied,,pilot_logistics_not_external_effect_estimate
kimi,kimi-k2.7-code,ext-art-228-pos::original_freeform,ext-art-228-pos,ext-art-228,prompt_and_function_recipes,open-webui-functions,owndev,open-webui,positive_trigger,original_freeform,trigger,selected_pending_label_review,not_run,pending,MOONSHOT_API_KEY,false,metadata_only_no_third_party_prose_or_code_copied,,pilot_logistics_not_external_effect_estimate
kimi,kimi-k2.7-code,ext-art-228-pos::skillops_normalized,ext-art-228-pos,ext-art-228,prompt_and_function_recipes,open-webui-functions,owndev,open-webui,positive_trigger,skillops_normalized,trigger,selected_pending_label_review,not_run,pending,MOONSHOT_API_KEY,false,metadata_only_no_third_party_prose_or_code_copied,,pilot_logistics_not_external_effect_estimate
kimi,kimi-k2.7-code,ext-art-228-pos::skillops_ablation,ext-art-228-pos,ext-art-228,prompt_and_function_recipes,open-webui-functions,owndev,open-webui,positive_trigger,skillops_ablation,trigger,selected_pending_label_review,not_run,pending,MOONSHOT_API_KEY,false,metadata_only_no_third_party_prose_or_code_copied,,pilot_logistics_not_external_effect_estimate
kimi,kimi-k2.7-code,ext-art-228-neg::original_freeform,ext-art-228-neg,ext-art-228,prompt_and_function_recipes,open-webui-functions,owndev,open-webui,negative_trigger,original_freeform,no_trigger,selected_pending_label_review,not_run,pending,MOONSHOT_API_KEY,false,metadata_only_no_third_party_prose_or_code_copied,,pilot_logistics_not_external_effect_estimate
kimi,kimi-k2.7-code,ext-art-228-neg::skillops_normalized,ext-art-228-neg,ext-art-228,prompt_and_function_recipes,open-webui-functions,owndev,open-webui,negative_trigger,skillops_normalized,no_trigger,selected_pending_label_review,not_run,pending,MOONSHOT_API_KEY,false,metadata_only_no_third_party_prose_or_code_copied,,pilot_logistics_not_external_effect_estimate
kimi,kimi-k2.7-code,ext-art-228-neg::skillops_ablation,ext-art-228-neg,ext-art-228,prompt_and_function_recipes,open-webui-functions,owndev,open-webui,negative_trigger,skillops_ablation,no_trigger,selected_pending_label_review,not_run,pending,MOONSHOT_API_KEY,false,metadata_only_no_third_party_prose_or_code_copied,,pilot_logistics_not_external_effect_estimate
kimi,kimi-k2.7-code,ext-art-228-bnd::original_freeform,ext-art-228-bnd,ext-art-228,prompt_and_function_recipes,open-webui-functions,owndev,open-webui,boundary_clarification,original_freeform,clarify_scope,selected_pending_label_review,not_run,pending,MOONSHOT_API_KEY,false,metadata_only_no_third_party_prose_or_code_copied,,pilot_logistics_not_external_effect_estimate
kimi,kimi-k2.7-code,ext-art-228-bnd::skillops_normalized,ext-art-228-bnd,ext-art-228,prompt_and_function_recipes,open-webui-functions,owndev,open-webui,boundary_clarification,skillops_normalized,clarify_scope,selected_pending_label_review,not_run,pending,MOONSHOT_API_KEY,false,metadata_only_no_third_party_prose_or_code_copied,,pilot_logistics_not_external_effect_estimate
kimi,kimi-k2.7-code,ext-art-228-bnd::skillops_ablation,ext-art-228-bnd,ext-art-228,prompt_and_function_recipes,open-webui-functions,owndev,open-webui,boundary_clarification,skillops_ablation,clarify_scope,selected_pending_label_review,not_run,pending,MOONSHOT_API_KEY,false,metadata_only_no_third_party_prose_or_code_copied,,pilot_logistics_not_external_effect_estimate
kimi,kimi-k2.7-code,ext-art-228-risk::original_freeform,ext-art-228-risk,ext-art-228,prompt_and_function_recipes,open-webui-functions,owndev,open-webui,risk_constraint,original_freeform,apply_constraint_or_refuse,selected_pending_label_review,not_run,pending,MOONSHOT_API_KEY,false,metadata_only_no_third_party_prose_or_code_copied,,pilot_logistics_not_external_effect_estimate
kimi,kimi-k2.7-code,ext-art-228-risk::skillops_normalized,ext-art-228-risk,ext-art-228,prompt_and_function_recipes,open-webui-functions,owndev,open-webui,risk_constraint,skillops_normalized,apply_constraint_or_refuse,selected_pending_label_review,not_run,pending,MOONSHOT_API_KEY,false,metadata_only_no_third_party_prose_or_code_copied,,pilot_logistics_not_external_effect_estimate
kimi,kimi-k2.7-code,ext-art-228-risk::skillops_ablation,ext-art-228-risk,ext-art-228,prompt_and_function_recipes,open-webui-functions,owndev,open-webui,risk_constraint,skillops_ablation,apply_constraint_or_refuse,selected_pending_label_review,not_run,pending,MOONSHOT_API_KEY,false,metadata_only_no_third_party_prose_or_code_copied,,pilot_logistics_not_external_effect_estimate
kimi,kimi-k2.7-code,ext-art-232-pos::original_freeform,ext-art-232-pos,ext-art-232,prompt_and_function_recipes,open-webui-functions,owndev,open-webui,positive_trigger,original_freeform,trigger,selected_pending_label_review,not_run,pending,MOONSHOT_API_KEY,false,metadata_only_no_third_party_prose_or_code_copied,,pilot_logistics_not_external_effect_estimate
kimi,kimi-k2.7-code,ext-art-232-pos::skillops_normalized,ext-art-232-pos,ext-art-232,prompt_and_function_recipes,open-webui-functions,owndev,open-webui,positive_trigger,skillops_normalized,trigger,selected_pending_label_review,not_run,pending,MOONSHOT_API_KEY,false,metadata_only_no_third_party_prose_or_code_copied,,pilot_logistics_not_external_effect_estimate
kimi,kimi-k2.7-code,ext-art-232-pos::skillops_ablation,ext-art-232-pos,ext-art-232,prompt_and_function_recipes,open-webui-functions,owndev,open-webui,positive_trigger,skillops_ablation,trigger,selected_pending_label_review,not_run,pending,MOONSHOT_API_KEY,false,metadata_only_no_third_party_prose_or_code_copied,,pilot_logistics_not_external_effect_estimate
kimi,kimi-k2.7-code,ext-art-232-neg::original_freeform,ext-art-232-neg,ext-art-232,prompt_and_function_recipes,open-webui-functions,owndev,open-webui,negative_trigger,original_freeform,no_trigger,selected_pending_label_review,not_run,pending,MOONSHOT_API_KEY,false,metadata_only_no_third_party_prose_or_code_copied,,pilot_logistics_not_external_effect_estimate
kimi,kimi-k2.7-code,ext-art-232-neg::skillops_normalized,ext-art-232-neg,ext-art-232,prompt_and_function_recipes,open-webui-functions,owndev,open-webui,negative_trigger,skillops_normalized,no_trigger,selected_pending_label_review,not_run,pending,MOONSHOT_API_KEY,false,metadata_only_no_third_party_prose_or_code_copied,,pilot_logistics_not_external_effect_estimate
kimi,kimi-k2.7-code,ext-art-232-neg::skillops_ablation,ext-art-232-neg,ext-art-232,prompt_and_function_recipes,open-webui-functions,owndev,open-webui,negative_trigger,skillops_ablation,no_trigger,selected_pending_label_review,not_run,pending,MOONSHOT_API_KEY,false,metadata_only_no_third_party_prose_or_code_copied,,pilot_logistics_not_external_effect_estimate
kimi,kimi-k2.7-code,ext-art-232-bnd::original_freeform,ext-art-232-bnd,ext-art-232,prompt_and_function_recipes,open-webui-functions,owndev,open-webui,boundary_clarification,original_freeform,clarify_scope,selected_pending_label_review,not_run,pending,MOONSHOT_API_KEY,false,metadata_only_no_third_party_prose_or_code_copied,,pilot_logistics_not_external_effect_estimate
kimi,kimi-k2.7-code,ext-art-232-bnd::skillops_normalized,ext-art-232-bnd,ext-art-232,prompt_and_function_recipes,open-webui-functions,owndev,open-webui,boundary_clarification,skillops_normalized,clarify_scope,selected_pending_label_review,not_run,pending,MOONSHOT_API_KEY,false,metadata_only_no_third_party_prose_or_code_copied,,pilot_logistics_not_external_effect_estimate
kimi,kimi-k2.7-code,ext-art-232-bnd::skillops_ablation,ext-art-232-bnd,ext-art-232,prompt_and_function_recipes,open-webui-functions,owndev,open-webui,boundary_clarification,skillops_ablation,clarify_scope,selected_pending_label_review,not_run,pending,MOONSHOT_API_KEY,false,metadata_only_no_third_party_prose_or_code_copied,,pilot_logistics_not_external_effect_estimate
kimi,kimi-k2.7-code,ext-art-232-risk::original_freeform,ext-art-232-risk,ext-art-232,prompt_and_function_recipes,open-webui-functions,owndev,open-webui,risk_constraint,original_freeform,apply_constraint_or_refuse,selected_pending_label_review,not_run,pending,MOONSHOT_API_KEY,false,metadata_only_no_third_party_prose_or_code_copied,,pilot_logistics_not_external_effect_estimate
kimi,kimi-k2.7-code,ext-art-232-risk::skillops_normalized,ext-art-232-risk,ext-art-232,prompt_and_function_recipes,open-webui-functions,owndev,open-webui,risk_constraint,skillops_normalized,apply_constraint_or_refuse,selected_pending_label_review,not_run,pending,MOONSHOT_API_KEY,false,metadata_only_no_third_party_prose_or_code_copied,,pilot_logistics_not_external_effect_estimate
kimi,kimi-k2.7-code,ext-art-232-risk::skillops_ablation,ext-art-232-risk,ext-art-232,prompt_and_function_recipes,open-webui-functions,owndev,open-webui,risk_constraint,skillops_ablation,apply_constraint_or_refuse,selected_pending_label_review,not_run,pending,MOONSHOT_API_KEY,false,metadata_only_no_third_party_prose_or_code_copied,,pilot_logistics_not_external_effect_estimate
kimi,kimi-k2.7-code,ext-art-234-pos::original_freeform,ext-art-234-pos,ext-art-234,prompt_and_function_recipes,open-webui-functions,owndev,open-webui,positive_trigger,original_freeform,trigger,selected_pending_label_review,not_run,pending,MOONSHOT_API_KEY,false,metadata_only_no_third_party_prose_or_code_copied,,pilot_logistics_not_external_effect_estimate
kimi,kimi-k2.7-code,ext-art-234-pos::skillops_normalized,ext-art-234-pos,ext-art-234,prompt_and_function_recipes,open-webui-functions,owndev,open-webui,positive_trigger,skillops_normalized,trigger,selected_pending_label_review,not_run,pending,MOONSHOT_API_KEY,false,metadata_only_no_third_party_prose_or_code_copied,,pilot_logistics_not_external_effect_estimate
kimi,kimi-k2.7-code,ext-art-234-pos::skillops_ablation,ext-art-234-pos,ext-art-234,prompt_and_function_recipes,open-webui-functions,owndev,open-webui,positive_trigger,skillops_ablation,trigger,selected_pending_label_review,not_run,pending,MOONSHOT_API_KEY,false,metadata_only_no_third_party_prose_or_code_copied,,pilot_logistics_not_external_effect_estimate
kimi,kimi-k2.7-code,ext-art-234-neg::original_freeform,ext-art-234-neg,ext-art-234,prompt_and_function_recipes,open-webui-functions,owndev,open-webui,negative_trigger,original_freeform,no_trigger,selected_pending_label_review,not_run,pending,MOONSHOT_API_KEY,false,metadata_only_no_third_party_prose_or_code_copied,,pilot_logistics_not_external_effect_estimate
kimi,kimi-k2.7-code,ext-art-234-neg::skillops_normalized,ext-art-234-neg,ext-art-234,prompt_and_function_recipes,open-webui-functions,owndev,open-webui,negative_trigger,skillops_normalized,no_trigger,selected_pending_label_review,not_run,pending,MOONSHOT_API_KEY,false,metadata_only_no_third_party_prose_or_code_copied,,pilot_logistics_not_external_effect_estimate
kimi,kimi-k2.7-code,ext-art-234-neg::skillops_ablation,ext-art-234-neg,ext-art-234,prompt_and_function_recipes,open-webui-functions,owndev,open-webui,negative_trigger,skillops_ablation,no_trigger,selected_pending_label_review,not_run,pending,MOONSHOT_API_KEY,false,metadata_only_no_third_party_prose_or_code_copied,,pilot_logistics_not_external_effect_estimate
kimi,kimi-k2.7-code,ext-art-234-bnd::original_freeform,ext-art-234-bnd,ext-art-234,prompt_and_function_recipes,open-webui-functions,owndev,open-webui,boundary_clarification,original_freeform,clarify_scope,selected_pending_label_review,not_run,pending,MOONSHOT_API_KEY,false,metadata_only_no_third_party_prose_or_code_copied,,pilot_logistics_not_external_effect_estimate
kimi,kimi-k2.7-code,ext-art-234-bnd::skillops_normalized,ext-art-234-bnd,ext-art-234,prompt_and_function_recipes,open-webui-functions,owndev,open-webui,boundary_clarification,skillops_normalized,clarify_scope,selected_pending_label_review,not_run,pending,MOONSHOT_API_KEY,false,metadata_only_no_third_party_prose_or_code_copied,,pilot_logistics_not_external_effect_estimate
kimi,kimi-k2.7-code,ext-art-234-bnd::skillops_ablation,ext-art-234-bnd,ext-art-234,prompt_and_function_recipes,open-webui-functions,owndev,open-webui,boundary_clarification,skillops_ablation,clarify_scope,selected_pending_label_review,not_run,pending,MOONSHOT_API_KEY,false,metadata_only_no_third_party_prose_or_code_copied,,pilot_logistics_not_external_effect_estimate
kimi,kimi-k2.7-code,ext-art-234-risk::original_freeform,ext-art-234-risk,ext-art-234,prompt_and_function_recipes,open-webui-functions,owndev,open-webui,risk_constraint,original_freeform,apply_constraint_or_refuse,selected_pending_label_review,not_run,pending,MOONSHOT_API_KEY,false,metadata_only_no_third_party_prose_or_code_copied,,pilot_logistics_not_external_effect_estimate
kimi,kimi-k2.7-code,ext-art-234-risk::skillops_normalized,ext-art-234-risk,ext-art-234,prompt_and_function_recipes,open-webui-functions,owndev,open-webui,risk_constraint,skillops_normalized,apply_constraint_or_refuse,selected_pending_label_review,not_run,pending,MOONSHOT_API_KEY,false,metadata_only_no_third_party_prose_or_code_copied,,pilot_logistics_not_external_effect_estimate
kimi,kimi-k2.7-code,ext-art-234-risk::skillops_ablation,ext-art-234-risk,ext-art-234,prompt_and_function_recipes,open-webui-functions,owndev,open-webui,risk_constraint,skillops_ablation,apply_constraint_or_refuse,selected_pending_label_review,not_run,pending,MOONSHOT_API_KEY,false,metadata_only_no_third_party_prose_or_code_copied,,pilot_logistics_not_external_effect_estimate
